study_hours_per_week,attendance_percent,previous_score,sleep_hours,absences,parental_education,internet_access,extracurricular_activities,part_time_job,study_method,final_score,pass_fail,performance_category
14.5,81.5,54.2,5.6,6,Bachelors,Yes,Yes,No,Tutoring,53.81,Pass,Average
11.3,74.8,67.7,5.8,9,PhD,Yes,Yes,Yes,Group Study,54.82,Pass,Average
15.2,81.5,56.8,9.4,6,Bachelors,Yes,No,No,Self-study,61.5,Pass,Average
19.6,86.5,60.9,6.7,7,High School,Yes,No,No,Tutoring,56.4,Pass,Average
10.8,80.6,90.1,7.7,7,High School,Yes,No,No,Online Courses,73.64,Pass,Good
10.8,80.5,85.1,5.7,5,Bachelors,Yes,No,No,Group Study,51.75,Pass,Average
19.9,71.6,45.5,5.7,7,Masters,Yes,Yes,Yes,Online Courses,57.58,Pass,Average
15.8,72.0,77.4,8.1,5,High School,Yes,No,Yes,Online Courses,55.73,Pass,Average
9.7,63.2,77.2,4.9,5,Masters,No,Yes,No,Online Courses,61.39,Pass,Average
14.7,100.0,47.8,6.2,5,High School,Yes,Yes,No,Tutoring,62.21,Pass,Average
9.7,65.1,77.3,6.7,6,Bachelors,Yes,No,No,Online Courses,50.47,Pass,Average
9.7,71.7,88.1,6.8,10,Masters,Yes,Yes,No,Tutoring,59.85,Pass,Average
13.2,71.4,48.2,6.5,11,High School,Yes,No,No,Tutoring,43.31,Pass,Below Average
2.4,90.7,51.2,7.2,8,Bachelors,Yes,No,No,Online Courses,38.75,Fail,Poor
3.4,76.5,80.3,7.6,8,High School,Yes,Yes,No,Online Courses,45.33,Pass,Below Average
9.2,95.0,69.1,7.7,1,Masters,No,No,No,Self-study,49.45,Pass,Below Average
6.9,71.9,73.3,5.4,6,High School,Yes,No,Yes,Group Study,35.38,Fail,Poor
13.6,83.3,70.1,6.3,4,Masters,Yes,No,No,Self-study,65.02,Pass,Average
7.5,70.0,70.9,8.3,9,High School,Yes,Yes,No,Group Study,51.45,Pass,Average
4.9,100.0,45.1,7.9,6,Masters,Yes,Yes,No,Group Study,42.98,Pass,Below Average
19.3,65.7,80.7,4.9,10,Bachelors,Yes,Yes,No,Self-study,60.71,Pass,Average
10.9,83.7,82.5,7.2,4,Masters,Yes,Yes,Yes,Self-study,68.14,Pass,Average
12.3,87.6,61.6,4.1,8,High School,Yes,Yes,No,Group Study,51.95,Pass,Average
4.9,85.0,64.3,6.8,3,Masters,No,No,No,Group Study,45.15,Pass,Below Average
9.3,77.8,42.0,9.2,5,High School,Yes,Yes,No,Group Study,44.78,Pass,Below Average
12.6,78.4,72.7,5.5,5,High School,No,No,Yes,Tutoring,40.99,Pass,Below Average
6.2,80.5,73.6,5.6,4,Bachelors,Yes,Yes,Yes,Group Study,46.47,Pass,Below Average
13.9,78.2,64.1,7.7,4,High School,Yes,No,No,Online Courses,57.95,Pass,Average
9.0,91.6,81.9,4.7,2,High School,Yes,No,No,Online Courses,75.74,Pass,Good
10.5,100.0,60.0,5.9,3,PhD,Yes,Yes,No,Online Courses,63.19,Pass,Average
9.0,73.3,73.5,7.5,10,PhD,No,Yes,Yes,Self-study,47.22,Pass,Below Average
21.3,63.6,49.7,5.9,11,Bachelors,Yes,No,No,Self-study,50.96,Pass,Average
11.9,78.9,64.6,6.4,4,PhD,Yes,No,Yes,Self-study,52.18,Pass,Average
6.7,100.0,62.4,7.7,0,Bachelors,Yes,No,Yes,Group Study,65.67,Pass,Average
16.1,70.4,68.4,7.2,6,High School,Yes,Yes,No,Online Courses,41.36,Pass,Below Average
5.9,99.7,59.5,7.0,6,Masters,No,Yes,No,Group Study,51.83,Pass,Average
13.0,100.0,63.0,6.3,9,Bachelors,Yes,No,Yes,Tutoring,64.44,Pass,Average
2.2,73.4,77.4,7.2,5,PhD,Yes,No,Yes,Tutoring,47.64,Pass,Below Average
5.4,86.8,58.4,6.5,3,High School,Yes,No,Yes,Self-study,38.24,Fail,Poor
13.0,99.5,40.9,7.3,4,Bachelors,No,No,No,Tutoring,56.61,Pass,Average
15.7,75.5,91.2,6.1,6,High School,Yes,No,No,Online Courses,69.84,Pass,Average
12.9,77.6,85.7,6.5,4,High School,Yes,Yes,No,Tutoring,64.31,Pass,Average
11.4,73.0,45.6,5.4,9,High School,Yes,Yes,No,Self-study,36.69,Fail,Poor
10.5,67.8,75.3,6.7,7,PhD,Yes,Yes,No,Group Study,63.01,Pass,Average
4.6,72.2,57.5,5.6,5,Masters,Yes,No,Yes,Tutoring,37.72,Fail,Poor
8.4,65.3,69.0,5.3,9,Masters,Yes,Yes,No,Online Courses,54.54,Pass,Average
9.7,80.4,69.4,7.0,5,Bachelors,Yes,Yes,No,Online Courses,69.08,Pass,Average
17.3,70.8,61.5,7.0,6,High School,Yes,No,Yes,Online Courses,32.13,Fail,Poor
13.7,82.8,53.2,7.7,5,High School,Yes,No,Yes,Group Study,50.49,Pass,Average
3.2,61.3,54.6,6.1,9,High School,Yes,No,Yes,Online Courses,15.0,Fail,Poor
13.6,84.0,51.3,7.2,4,Bachelors,Yes,No,Yes,Self-study,69.32,Pass,Average
10.1,90.0,52.5,7.4,7,Masters,No,Yes,No,Self-study,50.37,Pass,Average
8.6,56.1,64.0,7.3,7,Bachelors,No,No,No,Online Courses,43.39,Pass,Below Average
15.1,84.5,54.3,5.6,5,High School,Yes,No,No,Tutoring,53.59,Pass,Average
17.2,94.7,75.2,6.9,2,High School,Yes,No,No,Online Courses,64.84,Pass,Average
16.7,65.5,87.3,7.2,7,High School,Yes,Yes,No,Self-study,55.79,Pass,Average
7.8,100.0,56.3,6.7,7,Bachelors,Yes,Yes,No,Self-study,69.81,Pass,Average
10.5,85.0,68.6,4.0,5,PhD,Yes,No,Yes,Self-study,61.93,Pass,Average
13.7,71.5,72.5,6.9,4,Bachelors,Yes,No,No,Tutoring,72.37,Pass,Good
16.9,79.3,72.1,9.6,3,Masters,Yes,No,No,Tutoring,72.12,Pass,Good
9.6,86.7,66.1,6.2,3,Bachelors,No,No,Yes,Tutoring,50.05,Pass,Average
11.1,80.9,76.1,5.8,6,Bachelors,Yes,No,Yes,Self-study,52.54,Pass,Average
6.5,86.5,72.2,7.2,9,High School,Yes,No,No,Group Study,50.3,Pass,Average
6.0,69.0,46.4,7.1,6,Masters,Yes,No,No,Online Courses,35.83,Fail,Poor
16.1,82.0,78.0,8.3,6,Masters,Yes,Yes,Yes,Online Courses,68.56,Pass,Average
18.8,63.0,78.3,5.1,7,High School,Yes,No,No,Self-study,50.23,Pass,Average
11.6,78.7,53.6,7.7,6,Bachelors,Yes,No,No,Tutoring,56.51,Pass,Average
17.0,69.2,65.6,7.5,5,Bachelors,Yes,Yes,No,Group Study,62.39,Pass,Average
13.8,71.2,75.2,6.5,7,Bachelors,Yes,Yes,Yes,Group Study,57.25,Pass,Average
8.8,94.8,61.9,7.1,4,PhD,No,Yes,No,Tutoring,72.07,Pass,Good
13.8,93.1,81.1,8.0,8,Bachelors,Yes,No,No,Online Courses,70.24,Pass,Good
19.7,87.3,100.0,7.8,4,Bachelors,Yes,Yes,Yes,Online Courses,84.55,Pass,Good
11.8,66.9,53.2,5.2,8,High School,Yes,No,No,Group Study,55.22,Pass,Average
19.8,76.2,44.3,7.8,5,High School,Yes,Yes,No,Group Study,65.57,Pass,Average
0.0,94.6,69.6,6.6,1,High School,Yes,Yes,Yes,Tutoring,55.84,Pass,Average
16.1,81.7,75.8,6.8,8,High School,Yes,No,Yes,Online Courses,54.74,Pass,Average
12.4,100.0,61.5,6.8,7,Masters,No,Yes,Yes,Group Study,59.22,Pass,Average
10.5,84.7,86.8,6.5,7,Masters,No,No,No,Online Courses,51.65,Pass,Average
12.5,82.3,44.9,8.2,6,High School,Yes,No,Yes,Group Study,49.08,Pass,Below Average
2.1,76.3,75.4,6.6,3,Masters,No,No,No,Tutoring,48.56,Pass,Below Average
10.9,81.6,55.9,5.2,10,High School,Yes,Yes,No,Online Courses,48.05,Pass,Below Average
13.8,78.2,90.8,6.2,6,High School,Yes,No,Yes,Group Study,65.27,Pass,Average
19.4,88.5,94.9,6.9,1,High School,Yes,No,No,Group Study,69.11,Pass,Average
9.4,91.5,53.5,8.3,4,Bachelors,Yes,No,No,Group Study,69.27,Pass,Average
8.0,70.6,56.8,7.5,6,High School,Yes,No,No,Group Study,50.1,Pass,Average
9.5,64.0,77.9,5.6,7,Bachelors,Yes,No,Yes,Tutoring,45.46,Pass,Below Average
16.6,58.0,59.2,9.9,7,Bachelors,Yes,No,No,Online Courses,53.87,Pass,Average
13.6,86.1,64.3,7.0,4,PhD,Yes,No,No,Online Courses,70.11,Pass,Good
9.4,66.8,65.4,8.4,8,High School,Yes,Yes,No,Self-study,59.18,Pass,Average
14.6,54.2,36.2,6.5,14,High School,No,Yes,Yes,Online Courses,24.3,Fail,Poor
12.5,84.7,64.8,7.4,6,High School,Yes,Yes,No,Self-study,59.51,Pass,Average
16.8,100.0,54.7,7.8,1,Bachelors,Yes,Yes,No,Group Study,72.01,Pass,Good
8.5,79.9,57.6,8.3,3,High School,Yes,Yes,Yes,Tutoring,60.29,Pass,Average
10.4,90.1,86.7,8.1,4,Masters,Yes,Yes,No,Tutoring,70.99,Pass,Good
10.0,81.0,46.2,7.8,4,Bachelors,Yes,No,No,Group Study,51.2,Pass,Average
4.7,78.8,77.2,6.3,5,Bachelors,Yes,Yes,No,Self-study,64.8,Pass,Average
13.5,91.0,60.8,6.0,2,Bachelors,Yes,No,No,Group Study,63.3,Pass,Average
13.3,76.5,60.8,7.1,7,High School,Yes,Yes,No,Tutoring,61.72,Pass,Average
12.0,83.2,76.9,7.9,6,High School,Yes,Yes,No,Tutoring,56.08,Pass,Average
10.8,83.9,70.1,6.4,12,High School,Yes,Yes,No,Online Courses,52.84,Pass,Average
4.9,72.0,73.6,8.1,7,Bachelors,Yes,Yes,No,Self-study,62.77,Pass,Average
9.9,91.9,79.5,8.6,4,High School,Yes,No,No,Online Courses,60.01,Pass,Average
10.3,77.9,60.0,5.5,7,High School,No,No,No,Tutoring,40.47,Pass,Below Average
8.0,70.9,55.8,5.6,5,PhD,Yes,Yes,No,Tutoring,53.12,Pass,Average
11.2,86.4,48.7,6.5,4,High School,Yes,No,No,Online Courses,43.66,Pass,Below Average
14.0,69.2,52.6,7.1,7,Masters,Yes,No,No,Online Courses,50.08,Pass,Average
21.4,80.3,100.0,6.0,4,Masters,Yes,No,Yes,Tutoring,77.24,Pass,Good
12.9,79.9,83.7,8.5,3,High School,No,No,Yes,Online Courses,54.65,Pass,Average
13.3,93.0,44.7,7.3,6,High School,Yes,No,No,Online Courses,62.68,Pass,Average
11.6,85.7,45.2,6.8,7,High School,Yes,No,Yes,Self-study,54.29,Pass,Average
2.4,79.7,72.2,4.8,9,Bachelors,Yes,No,Yes,Tutoring,35.18,Fail,Poor
11.9,89.8,73.2,5.0,3,Bachelors,Yes,Yes,No,Group Study,65.08,Pass,Average
12.3,96.7,73.2,7.1,5,Masters,Yes,Yes,Yes,Self-study,71.77,Pass,Good
24.3,86.7,61.2,3.9,6,PhD,Yes,No,Yes,Group Study,77.57,Pass,Good
11.0,80.1,63.1,8.0,9,Bachelors,Yes,No,No,Online Courses,60.77,Pass,Average
13.5,64.3,69.9,6.5,9,High School,Yes,No,No,Online Courses,50.87,Pass,Average
11.8,67.2,66.3,10.0,7,High School,Yes,No,No,Group Study,57.36,Pass,Average
6.2,76.3,31.7,9.7,9,Masters,No,Yes,No,Online Courses,43.8,Pass,Below Average
17.7,72.7,61.6,6.5,12,High School,Yes,No,No,Online Courses,45.95,Pass,Below Average
15.8,77.8,52.2,6.6,5,High School,Yes,No,No,Self-study,53.76,Pass,Average
16.0,80.7,67.6,8.0,7,Masters,Yes,Yes,No,Group Study,77.51,Pass,Good
7.5,86.4,100.0,8.9,4,Bachelors,Yes,No,Yes,Self-study,64.8,Pass,Average
19.0,79.2,70.5,4.6,3,PhD,Yes,No,Yes,Group Study,65.08,Pass,Average
5.0,85.8,60.3,4.4,6,Bachelors,Yes,Yes,No,Self-study,47.41,Pass,Below Average
14.9,80.8,78.8,5.9,5,High School,Yes,No,No,Tutoring,45.16,Pass,Below Average
23.0,56.3,72.2,7.5,8,PhD,Yes,Yes,No,Tutoring,67.79,Pass,Average
7.0,68.7,71.3,7.3,9,High School,Yes,No,No,Group Study,47.74,Pass,Below Average
9.2,78.3,74.1,8.1,5,High School,No,Yes,No,Tutoring,47.97,Pass,Below Average
12.5,65.5,95.8,5.1,7,Bachelors,Yes,No,No,Self-study,51.79,Pass,Average
9.5,87.2,48.0,3.7,9,High School,Yes,No,No,Group Study,36.57,Fail,Poor
4.2,98.4,72.1,7.8,6,Bachelors,Yes,Yes,Yes,Tutoring,62.71,Pass,Average
12.3,94.6,51.1,5.6,3,High School,Yes,No,No,Tutoring,68.4,Pass,Average
6.7,77.4,73.3,4.1,5,Bachelors,Yes,No,Yes,Group Study,55.14,Pass,Average
14.4,97.9,51.2,6.9,6,Bachelors,Yes,Yes,No,Tutoring,54.63,Pass,Average
7.4,81.8,58.7,7.7,3,Masters,Yes,Yes,No,Tutoring,63.47,Pass,Average
19.7,76.0,60.6,6.5,4,Masters,Yes,No,No,Group Study,60.26,Pass,Average
8.1,72.6,79.6,6.1,7,High School,Yes,No,No,Tutoring,46.39,Pass,Below Average
10.4,76.4,78.8,6.5,2,Bachelors,Yes,Yes,No,Tutoring,58.7,Pass,Average
16.1,75.3,46.3,6.2,4,Bachelors,Yes,Yes,No,Tutoring,59.72,Pass,Average
5.8,82.0,65.8,4.9,6,High School,Yes,Yes,No,Tutoring,54.24,Pass,Average
13.1,81.9,54.4,5.8,9,Masters,Yes,No,No,Online Courses,54.27,Pass,Average
18.5,80.0,46.1,7.4,5,Masters,Yes,Yes,No,Group Study,62.08,Pass,Average
4.0,85.2,61.7,7.1,4,High School,Yes,No,No,Online Courses,50.98,Pass,Average
12.9,94.3,60.4,6.9,4,Bachelors,Yes,No,Yes,Online Courses,62.6,Pass,Average
13.3,91.4,100.0,5.4,7,High School,Yes,Yes,No,Self-study,78.95,Pass,Good
15.9,62.2,71.5,6.5,9,Bachelors,Yes,No,No,Online Courses,45.65,Pass,Below Average
5.8,49.4,44.3,3.9,9,High School,Yes,Yes,No,Online Courses,24.57,Fail,Poor
5.4,91.2,56.5,6.9,3,PhD,Yes,No,No,Self-study,50.75,Pass,Average
14.6,63.6,80.3,8.6,9,Masters,Yes,Yes,No,Tutoring,63.19,Pass,Average
13.5,77.3,96.3,4.8,8,Bachelors,Yes,No,No,Tutoring,63.08,Pass,Average
13.3,66.0,41.2,5.9,5,Bachelors,Yes,No,No,Online Courses,43.65,Pass,Below Average
13.7,58.4,36.8,7.1,8,Masters,Yes,Yes,No,Self-study,38.71,Fail,Poor
8.6,86.5,93.1,8.3,3,Bachelors,Yes,Yes,Yes,Tutoring,56.28,Pass,Average
13.2,89.1,70.8,6.1,4,High School,Yes,Yes,No,Self-study,47.91,Pass,Below Average
13.5,73.1,52.0,5.8,9,Bachelors,Yes,Yes,Yes,Group Study,44.95,Pass,Below Average
8.4,48.9,73.0,4.1,8,Masters,No,No,Yes,Group Study,28.35,Fail,Poor
21.3,73.4,25.5,6.8,4,Bachelors,Yes,No,No,Group Study,46.91,Pass,Below Average
14.4,84.7,65.1,9.4,5,Bachelors,Yes,No,Yes,Group Study,69.89,Pass,Average
6.0,62.3,69.9,7.1,11,Masters,Yes,No,No,Online Courses,40.11,Pass,Below Average
15.3,82.2,78.9,6.7,8,Masters,Yes,No,No,Group Study,77.0,Pass,Good
7.1,79.8,49.8,7.1,3,Masters,Yes,No,No,Group Study,62.05,Pass,Average
15.9,87.0,66.3,6.7,4,High School,Yes,Yes,No,Self-study,50.09,Pass,Average
17.8,81.4,51.1,5.6,9,Bachelors,Yes,Yes,Yes,Tutoring,53.74,Pass,Average
7.9,68.3,68.8,7.8,7,Masters,Yes,Yes,No,Self-study,51.71,Pass,Average
16.8,94.4,51.6,7.0,4,Masters,Yes,No,Yes,Online Courses,42.2,Pass,Below Average
14.1,78.1,58.9,6.7,2,Bachelors,Yes,Yes,No,Group Study,49.95,Pass,Below Average
16.1,79.7,50.1,5.4,8,High School,Yes,Yes,No,Tutoring,56.92,Pass,Average
21.5,68.8,74.8,8.4,7,Masters,Yes,Yes,No,Tutoring,85.25,Pass,Excellent
10.8,74.7,77.9,7.6,9,Masters,Yes,No,No,Group Study,66.29,Pass,Average
8.2,69.4,61.5,6.0,9,High School,Yes,Yes,No,Group Study,45.85,Pass,Below Average
7.6,77.9,65.6,8.0,4,Bachelors,Yes,Yes,No,Online Courses,56.07,Pass,Average
7.9,100.0,43.3,6.1,5,High School,Yes,Yes,No,Online Courses,62.73,Pass,Average
11.6,63.5,60.5,5.7,8,High School,Yes,Yes,Yes,Group Study,54.62,Pass,Average
13.7,60.6,64.2,5.7,10,High School,Yes,No,No,Group Study,40.17,Pass,Below Average
13.4,97.7,100.0,4.4,4,Bachelors,No,Yes,No,Group Study,57.53,Pass,Average
16.1,77.5,48.3,7.3,6,Bachelors,No,Yes,No,Group Study,37.05,Fail,Poor
12.1,72.0,87.0,4.3,5,Bachelors,Yes,No,Yes,Tutoring,63.05,Pass,Average
19.3,92.5,80.0,5.1,6,Bachelors,Yes,Yes,No,Online Courses,73.75,Pass,Good
10.7,72.7,69.2,4.0,8,Masters,Yes,Yes,No,Group Study,54.83,Pass,Average
25.6,100.0,91.4,6.6,3,High School,Yes,No,Yes,Group Study,68.94,Pass,Average
15.1,88.1,70.6,6.5,5,High School,Yes,Yes,No,Tutoring,58.69,Pass,Average
7.7,74.1,70.8,6.3,8,Masters,Yes,Yes,No,Self-study,52.74,Pass,Average
6.6,100.0,64.2,5.3,6,High School,No,Yes,No,Group Study,51.38,Pass,Average
14.4,72.7,83.4,5.2,8,PhD,Yes,No,No,Tutoring,61.69,Pass,Average
10.9,88.9,81.4,7.3,8,Masters,Yes,No,No,Tutoring,60.13,Pass,Average
15.6,83.6,55.6,6.0,7,Bachelors,Yes,No,Yes,Self-study,47.53,Pass,Below Average
14.4,95.6,45.2,7.1,2,PhD,Yes,No,No,Online Courses,74.1,Pass,Good
11.6,98.7,62.0,5.5,7,High School,Yes,Yes,Yes,Online Courses,56.44,Pass,Average
7.8,80.4,53.0,6.9,3,High School,Yes,Yes,No,Online Courses,52.88,Pass,Average
4.4,71.0,64.0,8.4,8,Bachelors,Yes,No,Yes,Group Study,36.01,Fail,Poor
9.8,85.5,83.6,7.5,7,Bachelors,Yes,No,Yes,Online Courses,39.09,Fail,Poor
16.3,71.9,58.1,6.2,7,PhD,Yes,Yes,No,Group Study,57.31,Pass,Average
13.1,100.0,64.4,7.0,4,High School,No,No,Yes,Group Study,47.63,Pass,Below Average
5.8,81.6,65.9,6.4,6,Bachelors,Yes,Yes,Yes,Tutoring,50.68,Pass,Average
12.9,75.6,77.7,6.7,2,Bachelors,Yes,Yes,No,Online Courses,86.5,Pass,Excellent
13.9,82.2,31.3,6.3,8,Bachelors,Yes,Yes,Yes,Online Courses,48.75,Pass,Below Average
7.6,63.8,55.9,6.5,7,High School,Yes,Yes,Yes,Online Courses,54.6,Pass,Average
12.8,68.3,68.2,7.0,6,Bachelors,Yes,No,No,Group Study,58.49,Pass,Average
12.3,94.4,83.0,5.4,6,Masters,No,No,No,Group Study,59.71,Pass,Average
6.3,72.1,57.6,5.4,8,High School,Yes,Yes,No,Online Courses,43.43,Pass,Below Average
13.8,67.4,36.9,4.9,6,Masters,Yes,Yes,No,Group Study,57.9,Pass,Average
14.8,86.4,74.3,4.6,3,Bachelors,Yes,No,No,Group Study,76.65,Pass,Good
17.4,94.2,55.5,5.1,4,Masters,Yes,Yes,No,Self-study,63.77,Pass,Average
17.3,88.6,47.2,6.9,4,Masters,Yes,No,No,Self-study,64.95,Pass,Average
5.1,92.0,55.6,5.5,5,High School,Yes,Yes,Yes,Online Courses,34.33,Fail,Poor
7.3,70.9,62.2,7.4,4,Bachelors,Yes,No,No,Online Courses,55.09,Pass,Average
14.6,62.9,55.9,6.7,10,Masters,Yes,Yes,No,Self-study,62.58,Pass,Average
14.6,98.0,31.9,4.1,6,Bachelors,No,Yes,No,Group Study,48.3,Pass,Below Average
14.6,76.1,78.5,7.6,7,PhD,Yes,Yes,Yes,Group Study,60.55,Pass,Average
31.3,77.0,84.1,7.8,7,Bachelors,Yes,Yes,Yes,Tutoring,82.69,Pass,Good
14.9,95.9,74.8,5.4,3,High School,Yes,Yes,No,Online Courses,70.37,Pass,Good
17.7,86.7,47.9,7.2,2,Bachelors,Yes,No,Yes,Online Courses,58.22,Pass,Average
16.8,85.5,62.0,5.6,1,PhD,Yes,Yes,No,Online Courses,71.29,Pass,Good
15.3,100.0,64.9,6.8,3,High School,Yes,Yes,No,Tutoring,66.93,Pass,Average
10.4,72.3,74.0,5.1,4,Masters,No,No,No,Tutoring,57.43,Pass,Average
15.8,91.1,75.0,4.4,5,Masters,Yes,No,Yes,Group Study,68.78,Pass,Average
8.1,80.7,54.0,6.2,3,Bachelors,Yes,No,No,Self-study,43.51,Pass,Below Average
10.8,83.2,66.2,6.5,6,High School,No,No,No,Self-study,41.25,Pass,Below Average
9.6,98.3,71.9,6.2,5,Masters,Yes,No,No,Self-study,64.46,Pass,Average
12.4,86.1,86.8,5.2,8,High School,Yes,No,Yes,Group Study,61.36,Pass,Average
23.6,86.5,75.6,6.2,8,Masters,Yes,No,Yes,Self-study,72.17,Pass,Good
2.7,92.9,76.8,7.1,5,Bachelors,Yes,No,No,Tutoring,53.14,Pass,Average
15.4,75.6,66.3,6.6,5,Bachelors,Yes,Yes,Yes,Tutoring,58.52,Pass,Average
3.9,69.9,86.2,6.9,6,Masters,Yes,Yes,No,Online Courses,54.0,Pass,Average
9.6,67.5,71.1,5.8,8,Bachelors,Yes,Yes,No,Self-study,57.31,Pass,Average
17.4,56.4,52.1,8.2,11,Bachelors,No,No,No,Tutoring,45.14,Pass,Below Average
12.3,100.0,86.1,5.2,2,Bachelors,Yes,No,No,Online Courses,70.08,Pass,Good
6.6,66.8,75.5,7.3,8,Bachelors,Yes,No,Yes,Self-study,46.76,Pass,Below Average
8.4,77.3,58.4,8.2,9,Bachelors,Yes,Yes,Yes,Self-study,56.88,Pass,Average
15.4,76.7,57.8,7.3,6,Masters,No,No,Yes,Tutoring,45.69,Pass,Below Average
8.3,83.7,69.4,6.4,4,Bachelors,Yes,No,No,Online Courses,59.55,Pass,Average
13.1,89.8,71.9,6.0,6,Bachelors,No,Yes,No,Online Courses,58.98,Pass,Average
12.2,90.3,68.0,8.0,6,Bachelors,Yes,No,Yes,Tutoring,62.57,Pass,Average
8.7,73.0,69.7,4.9,6,High School,Yes,Yes,No,Tutoring,43.75,Pass,Below Average
22.7,78.0,90.5,5.4,10,High School,Yes,No,No,Tutoring,69.7,Pass,Average
15.2,83.4,81.1,6.2,4,PhD,Yes,No,No,Self-study,79.44,Pass,Good
1.9,77.0,67.9,8.3,6,Masters,Yes,No,Yes,Tutoring,39.92,Fail,Poor
12.9,99.3,79.1,7.2,4,Bachelors,Yes,No,Yes,Tutoring,58.42,Pass,Average
8.7,85.9,49.5,5.4,7,Bachelors,Yes,No,Yes,Group Study,35.1,Fail,Poor
16.3,88.8,71.0,6.3,5,High School,Yes,No,No,Tutoring,55.41,Pass,Average
8.0,88.0,92.1,5.9,2,Bachelors,Yes,Yes,Yes,Tutoring,67.34,Pass,Average
11.4,94.1,61.7,5.8,3,Bachelors,Yes,No,No,Self-study,51.41,Pass,Average
14.5,82.2,52.3,8.0,8,Bachelors,Yes,Yes,No,Online Courses,56.61,Pass,Average
16.3,64.4,55.2,4.9,9,Bachelors,Yes,Yes,No,Self-study,54.02,Pass,Average
6.0,84.8,48.7,8.8,10,High School,Yes,No,No,Group Study,47.64,Pass,Below Average
10.3,72.2,53.2,7.8,7,High School,Yes,No,Yes,Tutoring,38.55,Fail,Poor
9.6,73.7,59.4,8.1,7,PhD,Yes,Yes,No,Tutoring,59.19,Pass,Average
8.7,87.0,43.9,6.1,5,Bachelors,Yes,Yes,No,Tutoring,51.33,Pass,Average
20.8,94.9,65.2,6.5,4,Bachelors,Yes,Yes,No,Tutoring,72.88,Pass,Good
14.0,80.3,78.5,4.8,5,High School,Yes,Yes,No,Tutoring,58.56,Pass,Average
5.7,83.7,51.4,6.0,9,High School,Yes,Yes,No,Tutoring,58.63,Pass,Average
16.6,100.0,87.8,7.3,3,Masters,Yes,No,Yes,Group Study,82.97,Pass,Good
22.6,82.9,72.7,8.4,5,Bachelors,Yes,Yes,Yes,Tutoring,88.52,Pass,Excellent
17.2,100.0,80.5,5.3,6,Bachelors,Yes,No,Yes,Tutoring,65.63,Pass,Average
4.4,86.8,55.1,6.2,4,High School,Yes,Yes,No,Tutoring,46.52,Pass,Below Average
9.6,58.9,77.8,6.5,7,Masters,Yes,No,Yes,Group Study,38.36,Fail,Poor
18.3,89.0,48.6,4.9,3,High School,Yes,Yes,No,Tutoring,53.15,Pass,Average
8.5,84.6,78.4,7.5,7,High School,Yes,Yes,No,Group Study,71.65,Pass,Good
14.2,95.5,67.6,5.8,5,Bachelors,Yes,Yes,No,Self-study,63.64,Pass,Average
15.9,88.1,73.3,6.4,7,High School,Yes,No,No,Tutoring,75.93,Pass,Good
7.4,78.3,47.4,6.1,5,High School,Yes,No,No,Online Courses,33.29,Fail,Poor
11.7,65.3,51.6,5.7,9,Bachelors,Yes,Yes,Yes,Group Study,33.43,Fail,Poor
0.0,77.5,74.0,6.7,4,Bachelors,Yes,Yes,Yes,Self-study,42.48,Pass,Below Average
6.9,69.8,50.8,6.4,7,Masters,No,Yes,No,Group Study,39.83,Fail,Poor
10.7,73.0,71.9,6.2,12,Bachelors,Yes,No,Yes,Group Study,53.66,Pass,Average
5.8,87.1,44.5,5.8,5,High School,Yes,No,Yes,Self-study,40.68,Pass,Below Average
20.2,100.0,77.7,7.1,4,High School,Yes,Yes,No,Tutoring,74.62,Pass,Good
4.8,84.7,46.5,8.8,3,PhD,Yes,Yes,Yes,Tutoring,50.34,Pass,Average
9.8,65.6,73.3,6.9,3,Bachelors,Yes,Yes,No,Group Study,53.0,Pass,Average
12.7,85.3,74.4,8.0,5,Masters,Yes,Yes,No,Self-study,62.97,Pass,Average
19.2,94.4,54.5,4.9,3,High School,No,No,No,Tutoring,50.26,Pass,Average
4.8,72.7,73.7,6.9,7,Bachelors,Yes,Yes,No,Group Study,58.27,Pass,Average
17.8,78.4,68.9,5.3,4,High School,Yes,Yes,No,Online Courses,48.41,Pass,Below Average
12.1,80.2,56.9,4.8,5,Bachelors,Yes,Yes,Yes,Self-study,60.4,Pass,Average
7.1,70.6,49.9,5.7,7,PhD,Yes,No,Yes,Online Courses,38.93,Fail,Poor
14.3,87.8,35.6,8.2,5,PhD,Yes,No,No,Online Courses,54.26,Pass,Average
13.0,78.5,70.2,7.9,6,Bachelors,Yes,Yes,No,Group Study,67.69,Pass,Average
9.0,85.0,41.5,7.0,5,Bachelors,Yes,Yes,No,Self-study,60.66,Pass,Average
12.3,69.4,66.4,4.7,7,PhD,Yes,Yes,No,Tutoring,64.33,Pass,Average
10.1,74.8,61.0,6.4,9,Bachelors,Yes,No,Yes,Tutoring,48.74,Pass,Below Average
12.6,88.7,75.2,7.1,6,High School,Yes,Yes,No,Group Study,70.78,Pass,Good
15.3,75.5,60.5,6.9,6,Bachelors,Yes,No,No,Tutoring,45.64,Pass,Below Average
19.9,100.0,60.1,4.3,6,High School,Yes,No,No,Tutoring,61.16,Pass,Average
5.8,75.2,76.0,5.5,4,Bachelors,Yes,No,No,Online Courses,45.6,Pass,Below Average
22.7,82.7,70.0,6.6,8,Bachelors,Yes,Yes,No,Online Courses,79.79,Pass,Good
2.2,91.2,69.7,7.4,5,Bachelors,No,No,No,Self-study,46.17,Pass,Below Average
11.2,63.0,72.0,3.8,6,Bachelors,No,No,No,Online Courses,48.02,Pass,Below Average
14.9,58.9,42.0,6.5,14,High School,Yes,Yes,Yes,Tutoring,37.18,Fail,Poor
13.4,61.7,76.4,6.9,8,Bachelors,Yes,Yes,No,Self-study,50.18,Pass,Average
8.9,95.2,74.2,7.8,5,Masters,Yes,Yes,Yes,Self-study,60.38,Pass,Average
11.0,73.4,49.7,7.6,9,Bachelors,Yes,Yes,Yes,Group Study,53.94,Pass,Average
9.5,100.0,61.3,7.5,5,High School,Yes,Yes,No,Online Courses,55.68,Pass,Average
9.1,73.2,64.4,5.7,5,PhD,Yes,No,No,Self-study,55.52,Pass,Average
16.2,82.2,63.0,4.2,3,Masters,Yes,Yes,Yes,Tutoring,53.61,Pass,Average
13.8,98.5,70.0,6.2,4,High School,Yes,No,No,Self-study,62.57,Pass,Average
8.5,100.0,86.5,8.0,4,High School,Yes,Yes,Yes,Self-study,64.87,Pass,Average
16.5,100.0,81.2,8.5,7,Masters,Yes,No,No,Group Study,74.09,Pass,Good
13.5,94.5,45.3,7.6,3,Masters,Yes,Yes,No,Tutoring,57.68,Pass,Average
16.1,92.3,74.3,7.3,2,PhD,No,No,No,Tutoring,72.66,Pass,Good
15.1,87.1,84.9,7.2,7,Masters,Yes,Yes,No,Online Courses,68.31,Pass,Average
7.9,89.3,70.8,6.0,4,Bachelors,Yes,Yes,No,Tutoring,54.55,Pass,Average
9.2,73.4,81.4,6.5,4,Bachelors,Yes,No,No,Self-study,51.35,Pass,Average
15.7,70.2,95.2,8.9,6,High School,Yes,Yes,No,Tutoring,67.96,Pass,Average
15.1,80.0,80.4,5.5,6,High School,Yes,No,No,Tutoring,66.72,Pass,Average
11.9,78.0,68.7,8.8,3,Bachelors,Yes,No,No,Self-study,71.9,Pass,Good
12.6,74.6,80.7,6.3,6,Bachelors,Yes,No,No,Group Study,55.26,Pass,Average
18.4,88.4,67.2,8.4,6,Bachelors,Yes,No,No,Online Courses,84.69,Pass,Good
9.0,91.5,65.4,4.9,2,Masters,Yes,No,Yes,Online Courses,48.84,Pass,Below Average
14.7,81.1,59.7,7.5,4,High School,Yes,Yes,Yes,Group Study,61.52,Pass,Average
11.0,97.7,88.5,5.7,5,Bachelors,Yes,No,No,Self-study,65.26,Pass,Average
10.9,66.3,52.7,4.9,10,High School,Yes,No,No,Online Courses,32.52,Fail,Poor
17.5,77.7,88.0,7.0,8,Bachelors,Yes,Yes,No,Group Study,65.66,Pass,Average
16.1,71.4,72.5,8.0,4,Masters,Yes,Yes,No,Group Study,66.7,Pass,Average
16.1,57.6,44.0,5.6,6,Bachelors,No,No,No,Group Study,41.83,Pass,Below Average
18.5,79.0,70.5,4.8,4,PhD,Yes,Yes,Yes,Online Courses,69.72,Pass,Average
12.1,78.5,33.5,6.6,4,High School,No,Yes,No,Online Courses,32.65,Fail,Poor
15.4,98.2,74.4,6.6,8,Bachelors,Yes,Yes,No,Online Courses,64.83,Pass,Average
10.4,87.6,78.3,7.4,8,High School,Yes,No,No,Online Courses,53.35,Pass,Average
13.6,67.7,56.1,7.9,5,Bachelors,No,Yes,No,Tutoring,48.12,Pass,Below Average
11.3,100.0,66.9,6.6,2,Masters,Yes,No,Yes,Group Study,62.95,Pass,Average
12.5,94.7,94.3,9.1,5,Bachelors,Yes,No,No,Tutoring,70.62,Pass,Good
15.0,87.0,57.4,7.0,8,Masters,Yes,Yes,No,Group Study,65.56,Pass,Average
7.9,77.3,49.1,6.2,10,High School,Yes,No,Yes,Online Courses,51.35,Pass,Average
22.5,68.5,87.2,4.6,6,Masters,No,No,No,Online Courses,61.0,Pass,Average
7.0,75.5,94.4,6.4,6,High School,Yes,No,No,Tutoring,53.28,Pass,Average
5.9,93.1,65.1,6.3,3,Masters,Yes,No,No,Self-study,62.88,Pass,Average
17.8,100.0,80.2,7.9,3,High School,Yes,Yes,Yes,Online Courses,69.09,Pass,Average
16.0,98.5,85.1,7.3,3,High School,Yes,No,No,Self-study,78.67,Pass,Good
15.1,74.1,53.9,5.2,10,Bachelors,Yes,Yes,No,Group Study,46.93,Pass,Below Average
15.1,66.6,57.7,6.9,5,PhD,Yes,Yes,No,Tutoring,71.93,Pass,Good
11.9,81.7,83.5,7.6,8,High School,Yes,Yes,No,Self-study,64.85,Pass,Average
7.5,58.8,90.3,8.7,6,Bachelors,Yes,Yes,No,Self-study,52.76,Pass,Average
12.4,83.9,73.4,7.9,4,Masters,No,No,No,Online Courses,56.87,Pass,Average
8.6,78.2,51.8,7.7,5,Bachelors,Yes,Yes,No,Self-study,48.32,Pass,Below Average
16.9,74.4,94.8,6.8,10,High School,Yes,No,No,Self-study,74.21,Pass,Good
11.3,60.9,57.0,7.2,7,Bachelors,Yes,No,Yes,Group Study,32.9,Fail,Poor
7.9,86.2,60.0,8.3,3,Bachelors,Yes,No,Yes,Tutoring,47.97,Pass,Below Average
10.4,73.6,70.1,5.0,9,Masters,Yes,Yes,Yes,Online Courses,46.41,Pass,Below Average
14.1,66.0,88.3,6.2,3,Masters,No,No,Yes,Online Courses,54.15,Pass,Average
9.2,45.5,77.8,5.7,7,Bachelors,Yes,Yes,Yes,Self-study,38.21,Fail,Poor
7.9,79.7,71.2,7.2,5,PhD,No,Yes,Yes,Group Study,41.73,Pass,Below Average
13.2,100.0,71.9,8.3,3,Bachelors,Yes,No,Yes,Self-study,64.87,Pass,Average
13.2,99.9,65.7,5.9,1,High School,Yes,Yes,No,Self-study,65.26,Pass,Average
9.5,74.5,73.4,3.6,7,High School,Yes,Yes,Yes,Online Courses,39.81,Fail,Poor
9.6,72.8,27.1,6.2,8,Bachelors,Yes,No,No,Self-study,41.79,Pass,Below Average
13.2,85.6,60.6,7.9,4,High School,Yes,Yes,Yes,Self-study,61.47,Pass,Average
4.8,68.0,68.6,7.4,4,PhD,No,No,No,Group Study,46.23,Pass,Below Average
5.0,83.6,47.7,7.3,6,Masters,Yes,Yes,No,Online Courses,51.65,Pass,Average
8.4,89.2,70.8,6.3,6,High School,No,Yes,No,Tutoring,36.29,Fail,Poor
10.9,94.7,61.9,5.0,6,Bachelors,Yes,Yes,No,Group Study,57.29,Pass,Average
13.6,78.8,91.3,7.4,2,Masters,Yes,Yes,Yes,Group Study,76.16,Pass,Good
19.4,77.6,88.6,5.6,9,PhD,Yes,Yes,No,Group Study,72.18,Pass,Good
16.3,69.5,58.0,9.5,7,Masters,Yes,No,No,Online Courses,55.47,Pass,Average
11.2,70.1,62.7,7.4,4,Bachelors,No,No,No,Self-study,63.25,Pass,Average
11.9,77.3,63.9,5.9,10,Masters,Yes,No,No,Tutoring,67.3,Pass,Average
7.0,84.4,58.2,5.9,5,Bachelors,Yes,Yes,No,Online Courses,55.58,Pass,Average
11.9,91.0,67.9,6.6,2,Bachelors,Yes,No,No,Self-study,71.72,Pass,Good
10.6,70.4,53.6,6.4,5,High School,Yes,No,Yes,Group Study,24.63,Fail,Poor
13.6,97.9,48.0,8.2,7,High School,Yes,No,No,Online Courses,52.73,Pass,Average
7.9,76.7,74.3,6.9,6,Bachelors,Yes,Yes,Yes,Self-study,48.93,Pass,Below Average
14.6,79.7,74.4,5.7,6,High School,Yes,No,No,Tutoring,56.46,Pass,Average
19.7,71.0,52.9,9.2,6,High School,Yes,No,Yes,Tutoring,49.2,Pass,Below Average
11.5,50.9,78.4,6.8,7,Masters,Yes,Yes,Yes,Self-study,31.06,Fail,Poor
14.0,90.6,55.5,7.7,6,High School,Yes,No,No,Online Courses,60.64,Pass,Average
15.5,88.8,68.8,5.9,3,Bachelors,Yes,Yes,No,Group Study,71.08,Pass,Good
10.0,76.6,77.3,7.2,6,Bachelors,Yes,No,No,Self-study,69.4,Pass,Average
13.1,80.8,64.5,7.1,8,PhD,Yes,No,Yes,Group Study,52.55,Pass,Average
12.1,86.2,71.8,4.2,4,Bachelors,Yes,No,Yes,Tutoring,48.91,Pass,Below Average
12.5,61.2,57.3,9.3,9,High School,Yes,Yes,No,Self-study,29.56,Fail,Poor
8.1,73.7,62.1,8.4,6,Bachelors,Yes,Yes,No,Tutoring,51.5,Pass,Average
12.1,89.5,61.9,6.2,5,Masters,Yes,No,No,Group Study,68.06,Pass,Average
14.5,64.9,53.8,5.3,6,PhD,Yes,No,No,Group Study,48.14,Pass,Below Average
19.3,83.5,62.3,7.2,10,Bachelors,Yes,Yes,No,Self-study,80.1,Pass,Good
16.8,63.7,41.8,6.8,8,High School,Yes,No,No,Self-study,41.56,Pass,Below Average
22.8,85.6,57.6,7.2,6,Masters,Yes,No,No,Self-study,71.67,Pass,Good
8.2,79.6,60.7,6.9,5,High School,Yes,Yes,No,Tutoring,41.2,Pass,Below Average
16.4,60.6,61.2,7.4,8,Bachelors,Yes,Yes,No,Group Study,56.09,Pass,Average
12.9,94.0,61.4,8.6,7,Bachelors,Yes,Yes,No,Group Study,52.57,Pass,Average
22.9,71.2,64.1,7.4,6,High School,Yes,No,No,Tutoring,66.73,Pass,Average
8.0,70.3,72.2,5.3,8,High School,Yes,No,No,Self-study,50.2,Pass,Average
7.8,82.4,78.1,8.5,8,High School,Yes,No,Yes,Online Courses,60.97,Pass,Average
9.0,93.8,55.3,8.8,5,Bachelors,Yes,No,Yes,Self-study,47.94,Pass,Below Average
1.4,67.8,47.0,10.0,6,PhD,Yes,No,No,Online Courses,45.25,Pass,Below Average
9.4,80.7,49.4,5.2,7,High School,Yes,No,Yes,Online Courses,42.68,Pass,Below Average
8.2,85.1,57.7,7.0,3,Masters,Yes,Yes,Yes,Tutoring,56.92,Pass,Average
12.8,88.3,59.7,4.0,8,High School,Yes,No,No,Group Study,45.34,Pass,Below Average
13.7,82.1,53.5,7.4,6,Bachelors,Yes,Yes,No,Group Study,41.99,Pass,Below Average
21.4,75.6,45.6,6.0,5,High School,Yes,No,No,Group Study,56.66,Pass,Average
16.8,70.1,58.2,9.2,5,PhD,No,No,No,Group Study,57.27,Pass,Average
9.1,81.0,67.7,5.7,4,Masters,Yes,Yes,No,Tutoring,55.04,Pass,Average
7.5,67.1,73.9,4.5,5,Bachelors,Yes,No,No,Online Courses,52.99,Pass,Average
14.5,44.9,56.6,6.1,6,Masters,Yes,Yes,No,Group Study,45.53,Pass,Below Average
5.4,85.2,58.8,4.1,6,Bachelors,No,No,No,Online Courses,31.98,Fail,Poor
21.2,90.8,51.1,7.7,5,PhD,Yes,Yes,No,Tutoring,60.82,Pass,Average
17.9,51.6,64.5,4.0,6,Masters,Yes,No,No,Self-study,42.47,Pass,Below Average
9.7,67.9,52.3,6.7,6,PhD,Yes,Yes,Yes,Tutoring,63.53,Pass,Average
3.4,87.4,73.6,4.0,10,Bachelors,Yes,Yes,Yes,Group Study,50.7,Pass,Average
18.8,100.0,38.2,6.3,3,High School,No,Yes,No,Self-study,57.44,Pass,Average
11.4,80.2,59.6,8.8,7,Bachelors,Yes,Yes,Yes,Tutoring,53.05,Pass,Average
18.2,71.3,69.5,7.2,10,High School,Yes,Yes,No,Tutoring,56.83,Pass,Average
4.0,77.8,67.8,5.6,8,Bachelors,No,No,No,Online Courses,48.73,Pass,Below Average
9.0,96.5,100.0,6.7,4,Bachelors,Yes,Yes,No,Tutoring,71.68,Pass,Good
12.0,72.2,70.2,6.7,7,Bachelors,Yes,Yes,No,Self-study,60.96,Pass,Average
12.2,70.4,49.9,7.3,9,High School,Yes,Yes,No,Tutoring,43.65,Pass,Below Average
9.7,74.2,63.6,4.9,6,High School,Yes,No,Yes,Group Study,54.75,Pass,Average
15.1,68.6,38.4,7.5,5,Bachelors,Yes,No,No,Online Courses,53.11,Pass,Average
6.7,81.5,63.8,3.2,6,PhD,Yes,No,No,Self-study,59.97,Pass,Average
11.3,99.5,52.5,5.9,0,Bachelors,Yes,No,No,Self-study,57.4,Pass,Average
12.6,83.9,78.7,6.1,7,Bachelors,Yes,Yes,No,Tutoring,71.48,Pass,Good
14.6,77.0,56.8,7.5,5,Masters,Yes,Yes,Yes,Group Study,54.49,Pass,Average
15.6,76.5,63.2,6.7,7,Bachelors,Yes,Yes,Yes,Online Courses,56.14,Pass,Average
6.4,61.2,55.5,4.9,8,High School,No,No,Yes,Self-study,34.59,Fail,Poor
4.3,90.6,91.1,5.4,2,Bachelors,Yes,No,No,Online Courses,55.22,Pass,Average
18.4,79.1,60.2,7.0,11,High School,Yes,No,No,Tutoring,57.58,Pass,Average
13.7,77.8,92.5,6.6,6,PhD,No,Yes,No,Group Study,70.66,Pass,Good
8.3,100.0,77.2,5.9,2,High School,Yes,Yes,No,Tutoring,67.95,Pass,Average
19.8,83.6,72.2,6.1,8,Bachelors,Yes,Yes,No,Online Courses,65.72,Pass,Average
12.6,71.0,70.5,7.6,8,High School,Yes,No,No,Tutoring,67.06,Pass,Average
17.9,74.9,70.9,6.0,9,High School,Yes,Yes,Yes,Online Courses,45.62,Pass,Below Average
12.3,93.8,36.1,6.6,7,Masters,Yes,No,Yes,Self-study,60.04,Pass,Average
22.3,81.4,60.8,9.5,7,High School,No,Yes,No,Self-study,70.98,Pass,Good
20.8,62.7,77.7,4.8,6,High School,Yes,No,No,Tutoring,70.5,Pass,Good
10.8,91.0,64.3,4.3,3,Bachelors,Yes,No,No,Self-study,47.09,Pass,Below Average
16.9,72.0,43.9,7.7,7,High School,Yes,No,No,Online Courses,43.16,Pass,Below Average
15.2,100.0,64.2,5.8,4,High School,Yes,No,No,Self-study,74.51,Pass,Good
18.8,93.0,90.6,6.3,9,Masters,Yes,No,Yes,Group Study,60.88,Pass,Average
7.2,74.6,83.7,5.7,6,Masters,Yes,No,Yes,Group Study,41.66,Pass,Below Average
15.4,95.4,64.1,6.4,2,Masters,Yes,No,No,Tutoring,66.63,Pass,Average
17.3,80.8,79.3,8.8,2,Masters,Yes,No,No,Tutoring,75.89,Pass,Good
3.2,90.2,59.5,7.7,6,Bachelors,Yes,No,Yes,Tutoring,57.94,Pass,Average
6.1,85.8,39.4,7.8,4,High School,Yes,No,Yes,Tutoring,37.72,Fail,Poor
1.8,69.8,51.1,4.9,6,Masters,Yes,No,Yes,Online Courses,28.8,Fail,Poor
10.7,72.3,88.4,5.2,4,Masters,Yes,No,No,Online Courses,63.83,Pass,Average
15.6,92.4,60.9,3.0,4,Masters,Yes,Yes,No,Group Study,67.27,Pass,Average
19.5,76.0,61.3,5.6,6,Bachelors,Yes,Yes,Yes,Online Courses,60.58,Pass,Average
12.4,75.2,60.5,7.9,5,High School,No,No,Yes,Self-study,41.18,Pass,Below Average
20.1,68.5,93.6,7.4,3,Masters,Yes,No,Yes,Group Study,57.19,Pass,Average
5.1,85.1,89.4,6.4,2,Masters,No,No,No,Tutoring,52.03,Pass,Average
3.5,100.0,98.3,6.7,5,PhD,Yes,Yes,Yes,Tutoring,79.46,Pass,Good
11.7,67.2,62.6,5.8,6,High School,No,No,No,Online Courses,41.73,Pass,Below Average
13.9,80.3,69.4,7.0,3,High School,Yes,No,Yes,Group Study,52.15,Pass,Average
11.8,96.9,42.3,7.7,8,High School,No,Yes,Yes,Online Courses,51.95,Pass,Average
1.7,79.0,87.2,4.6,10,Masters,Yes,No,No,Online Courses,43.45,Pass,Below Average
11.6,85.4,47.5,7.1,2,High School,Yes,No,No,Online Courses,50.12,Pass,Average
5.5,67.3,68.3,7.9,8,High School,No,Yes,Yes,Group Study,36.06,Fail,Poor
15.3,85.1,48.5,6.2,3,PhD,Yes,No,No,Tutoring,59.03,Pass,Average
13.8,77.8,56.2,7.6,9,High School,Yes,No,No,Self-study,52.12,Pass,Average
7.3,91.8,52.4,10.0,2,Masters,Yes,Yes,No,Tutoring,61.65,Pass,Average
9.4,94.2,55.9,6.6,4,Bachelors,No,Yes,No,Group Study,44.1,Pass,Below Average
6.7,100.0,56.9,7.2,7,Masters,Yes,No,No,Tutoring,60.55,Pass,Average
11.7,87.0,56.8,5.7,7,Bachelors,Yes,Yes,No,Tutoring,47.5,Pass,Below Average
16.8,83.9,77.5,6.9,4,Masters,Yes,Yes,Yes,Self-study,69.53,Pass,Average
7.1,82.3,48.4,7.3,5,PhD,Yes,Yes,No,Tutoring,64.15,Pass,Average
14.5,75.8,68.3,7.0,6,High School,Yes,No,No,Tutoring,54.03,Pass,Average
9.3,84.1,83.3,5.4,5,High School,Yes,No,Yes,Tutoring,44.81,Pass,Below Average
8.0,76.5,57.3,7.0,6,High School,Yes,No,Yes,Online Courses,40.41,Pass,Below Average
11.5,82.0,54.2,8.6,4,Bachelors,No,Yes,Yes,Group Study,42.86,Pass,Below Average
6.8,95.8,61.5,7.3,4,Masters,Yes,No,No,Group Study,64.87,Pass,Average
9.2,67.9,82.7,8.0,6,Bachelors,Yes,Yes,No,Self-study,57.8,Pass,Average
6.0,93.7,67.9,6.4,7,Bachelors,Yes,Yes,No,Online Courses,69.83,Pass,Average
21.8,95.8,57.0,7.7,7,High School,Yes,No,Yes,Online Courses,71.51,Pass,Good
12.2,78.6,72.3,7.1,5,Masters,Yes,Yes,No,Tutoring,62.99,Pass,Average
8.5,54.5,48.5,5.5,9,PhD,Yes,No,No,Group Study,44.0,Pass,Below Average
13.1,72.7,75.2,7.1,5,High School,Yes,No,No,Self-study,53.6,Pass,Average
11.4,95.6,71.1,5.4,2,Bachelors,Yes,Yes,No,Online Courses,66.73,Pass,Average
10.9,79.7,60.4,5.9,6,High School,Yes,No,No,Tutoring,47.17,Pass,Below Average
15.1,68.0,52.4,6.9,4,Bachelors,Yes,No,No,Self-study,57.56,Pass,Average
15.8,73.9,51.7,7.1,7,Bachelors,Yes,No,No,Online Courses,63.79,Pass,Average
9.3,90.1,73.0,5.2,4,High School,Yes,Yes,No,Self-study,63.6,Pass,Average
9.1,86.6,83.4,8.1,12,Bachelors,Yes,No,No,Online Courses,68.41,Pass,Average
10.6,77.1,55.4,7.4,5,High School,Yes,Yes,No,Self-study,57.25,Pass,Average
0.5,75.6,71.9,5.8,6,Bachelors,Yes,No,Yes,Online Courses,43.75,Pass,Below Average
4.4,75.3,33.7,4.7,12,Bachelors,Yes,Yes,Yes,Online Courses,20.55,Fail,Poor
18.8,68.9,56.2,6.5,8,High School,Yes,No,Yes,Self-study,59.08,Pass,Average
20.2,99.4,64.5,6.1,3,Masters,Yes,Yes,No,Online Courses,89.91,Pass,Excellent
10.8,76.1,51.4,6.8,5,Masters,Yes,Yes,No,Online Courses,52.56,Pass,Average
14.9,94.6,51.0,6.2,4,Bachelors,Yes,No,Yes,Online Courses,54.16,Pass,Average
13.6,98.3,55.0,4.1,3,High School,No,No,Yes,Self-study,50.77,Pass,Average
27.4,92.0,69.4,6.2,4,Masters,No,No,No,Self-study,79.63,Pass,Good
17.6,74.8,62.2,6.3,4,PhD,Yes,No,No,Online Courses,63.26,Pass,Average
11.4,84.8,31.4,7.5,6,High School,Yes,Yes,No,Online Courses,37.67,Fail,Poor
7.2,79.7,33.2,5.8,8,High School,Yes,No,No,Self-study,37.63,Fail,Poor
4.0,69.2,55.9,8.9,6,High School,Yes,No,No,Tutoring,44.66,Pass,Below Average
13.0,83.9,71.9,4.2,6,Bachelors,Yes,Yes,No,Online Courses,65.22,Pass,Average
8.2,65.9,23.8,8.4,6,High School,Yes,No,No,Tutoring,34.69,Fail,Poor
4.9,94.3,57.5,6.4,5,Bachelors,Yes,No,Yes,Self-study,46.48,Pass,Below Average
8.8,74.4,57.1,7.8,7,Bachelors,Yes,No,No,Online Courses,56.63,Pass,Average
6.6,82.4,85.8,6.8,8,Bachelors,Yes,No,No,Tutoring,59.22,Pass,Average
20.4,83.4,59.2,8.2,5,Bachelors,Yes,No,No,Self-study,64.34,Pass,Average
16.4,76.9,70.7,6.2,8,Bachelors,Yes,Yes,No,Tutoring,61.12,Pass,Average
12.0,87.0,67.1,5.3,4,Bachelors,Yes,Yes,No,Group Study,49.22,Pass,Below Average
19.4,74.3,33.0,8.5,3,High School,Yes,No,Yes,Self-study,46.06,Pass,Below Average
12.4,90.5,76.5,6.6,7,High School,Yes,Yes,No,Group Study,67.85,Pass,Average
7.7,63.8,68.2,7.0,8,Masters,Yes,Yes,Yes,Self-study,48.48,Pass,Below Average
19.6,81.5,72.6,8.3,9,High School,Yes,Yes,Yes,Self-study,72.98,Pass,Good
14.7,100.0,100.0,5.4,4,Masters,Yes,No,Yes,Online Courses,74.71,Pass,Good
6.8,68.0,33.7,7.5,10,PhD,Yes,Yes,No,Group Study,45.04,Pass,Below Average
11.0,71.9,90.9,5.9,4,High School,Yes,No,No,Group Study,63.49,Pass,Average
7.6,86.2,60.7,6.5,3,Bachelors,No,No,No,Group Study,64.95,Pass,Average
5.1,82.2,69.3,6.8,3,Bachelors,Yes,Yes,No,Self-study,56.44,Pass,Average
16.6,84.2,64.3,4.7,6,Masters,Yes,No,No,Group Study,55.67,Pass,Average
21.5,85.9,58.6,5.7,8,PhD,Yes,No,No,Group Study,75.02,Pass,Good
5.0,87.6,56.5,8.5,3,Masters,No,No,No,Online Courses,63.05,Pass,Average
14.8,93.3,69.9,7.9,3,High School,Yes,No,No,Tutoring,64.21,Pass,Average
8.7,84.9,42.2,6.6,11,Bachelors,No,Yes,No,Tutoring,47.22,Pass,Below Average
9.6,77.1,76.3,7.0,6,Bachelors,Yes,No,No,Group Study,66.03,Pass,Average
9.0,88.1,58.8,6.3,4,Bachelors,Yes,Yes,No,Group Study,64.1,Pass,Average
7.7,100.0,48.0,8.5,9,High School,No,No,No,Group Study,47.54,Pass,Below Average
12.2,78.4,58.2,6.4,4,High School,Yes,No,Yes,Group Study,42.11,Pass,Below Average
7.8,68.3,83.9,7.0,6,Masters,Yes,No,Yes,Tutoring,52.1,Pass,Average
13.4,93.3,57.0,8.2,4,Bachelors,Yes,Yes,No,Online Courses,68.74,Pass,Average
11.7,78.6,70.4,5.7,4,High School,Yes,Yes,No,Self-study,62.04,Pass,Average
10.8,53.9,54.0,8.7,7,Bachelors,Yes,Yes,Yes,Group Study,43.38,Pass,Below Average
7.5,90.2,76.4,4.7,7,Masters,Yes,No,No,Group Study,56.8,Pass,Average
9.1,73.6,75.3,8.8,4,Masters,Yes,Yes,Yes,Tutoring,62.03,Pass,Average
15.8,78.9,92.7,6.2,12,High School,Yes,No,No,Group Study,68.99,Pass,Average
14.5,84.0,62.4,6.4,6,High School,No,Yes,No,Online Courses,55.02,Pass,Average
7.1,82.3,75.0,4.2,6,High School,Yes,No,No,Online Courses,43.84,Pass,Below Average
12.5,88.5,66.5,6.1,5,PhD,Yes,Yes,Yes,Group Study,61.53,Pass,Average
15.8,74.8,84.4,5.3,4,Bachelors,Yes,No,Yes,Tutoring,66.4,Pass,Average
3.7,86.2,54.2,5.9,7,Bachelors,Yes,No,No,Group Study,36.22,Fail,Poor
14.7,76.9,76.2,6.5,5,Bachelors,Yes,No,Yes,Group Study,43.71,Pass,Below Average
8.7,88.9,62.1,7.9,3,Bachelors,No,No,No,Tutoring,63.82,Pass,Average
14.9,87.4,64.0,7.0,3,Masters,Yes,Yes,No,Online Courses,71.76,Pass,Good
8.2,68.8,66.4,7.1,5,Bachelors,Yes,No,Yes,Self-study,49.68,Pass,Below Average
3.0,93.0,68.8,5.3,7,High School,Yes,Yes,Yes,Group Study,38.21,Fail,Poor
3.9,73.6,63.3,5.6,13,High School,Yes,Yes,No,Online Courses,44.07,Pass,Below Average
12.2,89.7,68.2,9.0,4,Bachelors,No,No,Yes,Group Study,57.95,Pass,Average
13.3,84.4,88.7,5.7,6,PhD,Yes,No,Yes,Self-study,56.05,Pass,Average
7.5,100.0,79.8,8.9,3,High School,Yes,No,No,Tutoring,76.02,Pass,Good
15.2,77.3,78.0,6.4,6,Masters,Yes,Yes,No,Online Courses,68.3,Pass,Average
3.7,75.8,58.2,6.7,4,Masters,Yes,Yes,No,Self-study,46.67,Pass,Below Average
11.7,79.8,51.7,8.1,11,High School,Yes,Yes,Yes,Group Study,42.78,Pass,Below Average
5.9,76.4,79.3,8.4,8,High School,Yes,Yes,No,Self-study,40.1,Pass,Below Average
8.7,89.6,78.1,6.6,4,High School,Yes,Yes,No,Online Courses,65.04,Pass,Average
12.2,60.6,87.1,6.2,8,Masters,Yes,Yes,No,Tutoring,61.24,Pass,Average
7.7,67.4,55.9,6.6,5,High School,Yes,Yes,No,Group Study,41.77,Pass,Below Average
10.1,67.2,61.6,7.1,6,Bachelors,No,No,No,Tutoring,52.39,Pass,Average
17.0,91.4,40.4,7.9,6,Bachelors,No,Yes,No,Tutoring,46.44,Pass,Below Average
9.1,100.0,59.1,6.7,2,Masters,Yes,No,Yes,Self-study,55.48,Pass,Average
16.2,78.7,79.9,7.5,6,High School,Yes,Yes,No,Self-study,59.48,Pass,Average
6.4,78.0,58.0,8.8,4,Bachelors,Yes,No,No,Online Courses,49.93,Pass,Below Average
14.6,80.8,74.6,7.2,7,Bachelors,Yes,No,No,Online Courses,64.02,Pass,Average
19.2,93.9,62.1,7.1,4,Bachelors,Yes,Yes,Yes,Tutoring,70.53,Pass,Good
0.0,68.9,69.9,4.7,7,Masters,Yes,No,Yes,Online Courses,34.11,Fail,Poor
8.0,82.9,47.8,3.3,7,High School,No,Yes,No,Tutoring,29.64,Fail,Poor
14.9,91.7,66.3,7.2,2,Masters,No,No,No,Group Study,75.69,Pass,Good
11.0,86.0,20.1,6.6,4,Bachelors,Yes,Yes,No,Tutoring,61.96,Pass,Average
13.9,82.3,62.2,6.0,5,Bachelors,Yes,No,Yes,Online Courses,54.82,Pass,Average
9.0,92.0,40.5,7.0,3,Bachelors,Yes,Yes,Yes,Online Courses,44.11,Pass,Below Average
12.4,47.6,83.1,6.6,10,Bachelors,Yes,Yes,No,Tutoring,60.56,Pass,Average
11.2,88.1,76.7,8.2,3,High School,Yes,No,No,Self-study,53.5,Pass,Average
17.8,72.2,72.0,6.8,9,Bachelors,Yes,Yes,No,Tutoring,60.46,Pass,Average
13.3,58.0,87.8,5.7,6,Bachelors,No,No,No,Tutoring,45.56,Pass,Below Average
13.7,86.1,50.8,8.0,4,Bachelors,Yes,No,No,Self-study,51.06,Pass,Average
9.9,96.5,91.2,6.4,6,High School,Yes,No,No,Group Study,64.71,Pass,Average
9.6,78.4,79.0,7.4,8,Masters,Yes,Yes,No,Self-study,56.73,Pass,Average
9.8,91.4,61.5,6.1,3,Bachelors,Yes,No,No,Online Courses,58.74,Pass,Average
14.0,99.3,82.0,5.9,3,High School,Yes,No,No,Self-study,69.54,Pass,Average
9.9,95.8,48.4,6.8,3,Bachelors,No,Yes,Yes,Online Courses,44.19,Pass,Below Average
13.4,99.7,52.6,6.7,6,Masters,Yes,Yes,No,Online Courses,63.59,Pass,Average
22.4,88.9,55.9,7.3,1,Masters,Yes,Yes,Yes,Tutoring,69.06,Pass,Average
16.4,80.9,57.1,6.4,3,Bachelors,Yes,No,No,Tutoring,65.54,Pass,Average
10.4,60.8,49.2,4.3,11,Masters,Yes,Yes,No,Group Study,39.68,Fail,Poor
18.0,77.0,83.3,6.1,8,High School,Yes,No,Yes,Online Courses,64.24,Pass,Average
10.0,69.9,61.1,7.7,5,Bachelors,Yes,Yes,No,Tutoring,57.13,Pass,Average
1.8,100.0,70.3,6.3,7,Masters,Yes,Yes,Yes,Online Courses,58.69,Pass,Average
7.0,77.9,56.4,6.4,4,Masters,Yes,No,No,Group Study,60.31,Pass,Average
2.6,81.5,37.7,8.0,9,Bachelors,Yes,No,No,Online Courses,31.4,Fail,Poor
10.2,86.6,69.1,5.8,5,Masters,Yes,No,Yes,Group Study,52.9,Pass,Average
12.1,80.5,36.3,4.7,4,High School,Yes,No,No,Group Study,54.31,Pass,Average
20.4,100.0,64.0,6.5,6,Masters,Yes,No,Yes,Group Study,68.9,Pass,Average
13.6,72.5,44.5,6.1,6,High School,Yes,Yes,Yes,Tutoring,22.31,Fail,Poor
10.9,82.3,94.8,5.4,6,High School,Yes,Yes,No,Self-study,62.19,Pass,Average
16.1,71.1,78.7,6.5,4,High School,Yes,No,No,Self-study,60.48,Pass,Average
0.9,64.2,66.6,7.3,7,Bachelors,Yes,No,Yes,Tutoring,17.86,Fail,Poor
13.2,72.7,84.0,6.7,7,High School,Yes,No,No,Online Courses,66.99,Pass,Average
15.9,79.6,52.3,7.1,5,High School,Yes,Yes,No,Tutoring,50.85,Pass,Average
4.6,74.8,73.2,9.1,5,High School,Yes,Yes,No,Online Courses,54.37,Pass,Average
17.7,71.7,68.0,6.3,8,High School,Yes,Yes,Yes,Group Study,51.24,Pass,Average
13.7,63.1,69.0,7.1,5,Bachelors,Yes,No,No,Tutoring,45.5,Pass,Below Average
9.9,79.0,84.1,6.0,4,Bachelors,Yes,No,No,Self-study,53.69,Pass,Average
15.2,61.9,76.0,5.6,5,High School,Yes,No,No,Online Courses,45.94,Pass,Below Average
23.4,89.1,69.3,5.9,7,Masters,Yes,Yes,No,Tutoring,83.68,Pass,Good
12.9,81.0,40.2,6.1,3,Masters,Yes,No,No,Tutoring,51.63,Pass,Average
13.2,62.5,50.6,7.2,6,Masters,No,No,Yes,Online Courses,35.47,Fail,Poor
9.7,76.3,63.2,9.8,8,High School,Yes,Yes,No,Group Study,47.7,Pass,Below Average
7.8,71.0,66.4,5.8,6,Masters,Yes,No,No,Group Study,58.71,Pass,Average
16.2,83.8,48.0,6.2,4,High School,Yes,Yes,No,Group Study,65.46,Pass,Average
7.7,96.1,100.0,6.6,3,High School,Yes,Yes,No,Group Study,78.64,Pass,Good
12.4,57.5,87.7,7.2,6,High School,Yes,No,No,Online Courses,56.82,Pass,Average
9.6,81.4,74.0,7.0,10,Masters,Yes,No,No,Self-study,61.1,Pass,Average
14.4,78.1,66.1,8.4,15,High School,No,Yes,No,Tutoring,41.52,Pass,Below Average
13.7,88.1,61.8,3.5,4,High School,No,No,Yes,Tutoring,42.08,Pass,Below Average
17.2,82.6,50.7,3.6,8,High School,Yes,Yes,No,Group Study,46.92,Pass,Below Average
9.4,71.0,66.2,6.1,3,Masters,Yes,No,No,Online Courses,41.47,Pass,Below Average
10.7,76.2,68.9,8.1,6,Bachelors,Yes,No,No,Self-study,64.59,Pass,Average
7.1,70.4,46.4,4.7,6,High School,Yes,No,No,Self-study,30.85,Fail,Poor
9.8,92.9,70.0,3.0,2,Bachelors,Yes,No,No,Tutoring,66.53,Pass,Average
13.9,80.3,62.7,7.4,5,Bachelors,Yes,Yes,No,Group Study,67.45,Pass,Average
15.8,100.0,36.4,7.0,3,Bachelors,Yes,Yes,No,Tutoring,66.39,Pass,Average
7.4,79.3,52.1,5.3,8,High School,Yes,No,No,Tutoring,45.49,Pass,Below Average
16.3,71.5,58.8,5.4,9,Masters,Yes,Yes,No,Self-study,52.61,Pass,Average
18.8,61.8,93.3,5.4,7,High School,No,No,No,Online Courses,67.79,Pass,Average
14.1,58.4,73.3,6.8,8,Bachelors,Yes,Yes,Yes,Self-study,50.08,Pass,Average
21.4,61.0,45.0,5.9,11,High School,Yes,Yes,Yes,Tutoring,44.6,Pass,Below Average
8.1,83.2,72.3,7.3,5,Bachelors,Yes,Yes,No,Group Study,55.41,Pass,Average
5.8,86.1,41.8,3.0,7,Bachelors,Yes,No,Yes,Group Study,28.68,Fail,Poor
3.1,61.0,81.2,5.6,8,Bachelors,Yes,Yes,No,Online Courses,48.4,Pass,Below Average
19.5,90.7,57.9,5.2,6,High School,Yes,No,Yes,Online Courses,58.05,Pass,Average
15.3,74.2,63.6,6.4,5,Masters,Yes,Yes,No,Online Courses,56.16,Pass,Average
11.7,81.8,84.9,6.0,8,High School,Yes,Yes,Yes,Tutoring,46.25,Pass,Below Average
13.4,99.3,45.7,7.7,6,Bachelors,Yes,No,No,Tutoring,52.29,Pass,Average
6.4,90.8,44.0,4.3,3,Masters,Yes,No,No,Online Courses,56.88,Pass,Average
24.2,76.8,56.2,6.8,4,Bachelors,Yes,No,No,Group Study,62.07,Pass,Average
12.6,69.3,80.6,7.4,5,Masters,Yes,No,No,Group Study,60.13,Pass,Average
12.5,54.2,42.2,9.1,9,Bachelors,Yes,Yes,No,Group Study,53.03,Pass,Average
15.6,71.4,22.5,6.1,8,Bachelors,Yes,Yes,No,Tutoring,35.03,Fail,Poor
14.4,77.5,58.2,7.1,5,Masters,Yes,No,Yes,Self-study,49.93,Pass,Below Average
13.1,68.2,73.3,4.4,4,High School,No,Yes,No,Group Study,41.3,Pass,Below Average
8.0,78.4,83.0,3.6,8,Bachelors,Yes,No,No,Group Study,64.37,Pass,Average
14.4,80.9,58.1,7.8,4,Masters,Yes,No,No,Group Study,75.73,Pass,Good
21.4,77.3,58.8,6.7,9,Bachelors,Yes,Yes,Yes,Online Courses,64.38,Pass,Average
18.7,72.2,82.3,8.2,8,High School,Yes,No,No,Tutoring,69.83,Pass,Average
20.0,82.0,37.0,4.9,5,Bachelors,Yes,Yes,Yes,Online Courses,47.59,Pass,Below Average
9.4,85.3,59.2,7.4,4,Masters,No,Yes,No,Online Courses,67.94,Pass,Average
7.1,66.9,67.9,9.1,7,PhD,Yes,Yes,No,Self-study,58.65,Pass,Average
11.4,96.9,71.7,7.2,4,Bachelors,Yes,No,Yes,Online Courses,68.34,Pass,Average
12.3,78.8,57.4,7.1,5,Bachelors,Yes,Yes,No,Self-study,56.14,Pass,Average
17.5,80.2,65.5,6.7,7,Masters,Yes,No,No,Online Courses,62.89,Pass,Average
3.5,88.5,27.7,4.7,4,High School,No,No,No,Group Study,39.33,Fail,Poor
19.6,82.8,55.1,8.5,8,High School,Yes,No,Yes,Tutoring,59.8,Pass,Average
11.2,91.4,71.8,5.9,6,Masters,Yes,No,No,Online Courses,74.19,Pass,Good
9.9,83.4,50.3,7.4,6,Masters,Yes,No,Yes,Self-study,51.51,Pass,Average
6.9,72.7,65.9,4.7,5,Masters,Yes,Yes,No,Tutoring,45.05,Pass,Below Average
3.7,84.3,71.7,5.2,7,Bachelors,Yes,No,No,Self-study,46.0,Pass,Below Average
16.1,66.3,59.9,8.6,8,High School,Yes,No,No,Group Study,52.92,Pass,Average
12.4,81.3,67.6,6.2,8,Bachelors,Yes,No,Yes,Online Courses,48.4,Pass,Below Average
5.6,79.6,50.6,8.6,5,High School,Yes,No,No,Tutoring,37.34,Fail,Poor
5.5,77.5,61.9,6.6,10,High School,Yes,No,Yes,Group Study,46.58,Pass,Below Average
10.3,78.5,74.2,4.3,8,Masters,Yes,No,No,Online Courses,52.16,Pass,Average
20.3,57.4,67.4,7.9,9,High School,Yes,No,Yes,Online Courses,50.55,Pass,Average
10.7,73.4,56.2,5.9,7,Masters,Yes,No,No,Self-study,52.84,Pass,Average
4.5,81.1,68.4,7.6,6,Bachelors,Yes,No,Yes,Self-study,43.55,Pass,Below Average
10.8,81.9,75.7,6.7,11,Bachelors,No,Yes,Yes,Group Study,59.31,Pass,Average
10.6,67.7,34.3,4.7,8,High School,Yes,No,Yes,Self-study,20.91,Fail,Poor
0.0,95.2,82.4,6.9,8,High School,No,Yes,No,Group Study,50.46,Pass,Average
11.7,69.6,60.0,9.6,6,High School,No,No,Yes,Group Study,42.77,Pass,Below Average
10.8,91.6,71.4,7.3,6,PhD,Yes,No,No,Group Study,67.7,Pass,Average
15.5,85.1,83.0,6.6,3,Masters,Yes,No,No,Self-study,63.43,Pass,Average
21.2,72.2,44.4,8.1,8,Bachelors,Yes,Yes,No,Tutoring,65.02,Pass,Average
17.6,100.0,54.4,7.0,3,High School,Yes,No,No,Group Study,70.52,Pass,Good
10.7,65.7,60.7,7.0,8,PhD,Yes,No,Yes,Tutoring,43.27,Pass,Below Average
6.5,91.0,53.2,5.3,5,High School,Yes,Yes,No,Online Courses,53.35,Pass,Average
24.9,92.0,91.0,7.0,5,High School,Yes,No,Yes,Self-study,79.34,Pass,Good
12.3,72.0,52.1,8.0,9,Bachelors,Yes,No,No,Self-study,41.42,Pass,Below Average
12.1,96.7,56.7,5.6,2,PhD,Yes,No,Yes,Tutoring,55.39,Pass,Average
11.9,77.0,68.1,8.6,5,High School,Yes,Yes,No,Online Courses,65.79,Pass,Average
13.0,83.5,47.0,6.6,7,High School,Yes,No,No,Online Courses,51.31,Pass,Average
11.3,83.1,59.1,5.5,9,PhD,Yes,No,No,Group Study,53.23,Pass,Average
9.1,78.4,69.8,8.0,5,High School,Yes,Yes,Yes,Self-study,45.14,Pass,Below Average
9.3,89.7,60.0,6.3,2,High School,Yes,Yes,No,Online Courses,52.45,Pass,Average
11.8,89.5,63.6,7.7,4,Bachelors,No,No,Yes,Online Courses,49.12,Pass,Below Average
9.3,59.0,57.1,6.3,9,Masters,Yes,No,No,Group Study,37.74,Fail,Poor
8.4,95.7,42.3,6.6,4,Bachelors,Yes,No,No,Group Study,40.72,Pass,Below Average
12.5,60.1,69.8,7.3,9,PhD,Yes,Yes,No,Tutoring,64.81,Pass,Average
10.7,92.4,91.3,7.1,3,Bachelors,Yes,Yes,No,Self-study,79.86,Pass,Good
19.5,93.5,65.3,4.1,3,High School,Yes,Yes,No,Online Courses,57.61,Pass,Average
0.0,66.9,68.4,5.2,8,PhD,No,Yes,No,Tutoring,39.23,Fail,Poor
17.5,75.1,75.4,7.9,6,Bachelors,Yes,No,No,Self-study,59.67,Pass,Average
18.2,66.7,46.0,6.5,6,High School,No,No,No,Tutoring,40.45,Pass,Below Average
1.6,77.4,90.5,6.0,12,Bachelors,Yes,No,No,Self-study,48.05,Pass,Below Average
10.3,76.3,68.0,4.9,7,High School,Yes,Yes,Yes,Self-study,42.75,Pass,Below Average
10.1,89.4,89.5,5.3,5,High School,Yes,No,No,Online Courses,76.01,Pass,Good
5.0,95.7,54.0,4.1,4,High School,No,Yes,No,Self-study,39.2,Fail,Poor
8.1,96.7,92.3,6.6,6,Bachelors,Yes,Yes,Yes,Group Study,60.46,Pass,Average
6.4,73.3,76.6,5.9,7,Masters,Yes,No,No,Online Courses,48.14,Pass,Below Average
20.8,77.5,73.3,5.4,3,Bachelors,Yes,No,No,Group Study,74.61,Pass,Good
16.7,59.8,68.5,6.6,6,PhD,Yes,No,Yes,Tutoring,43.53,Pass,Below Average
18.4,70.3,61.3,7.2,6,High School,Yes,Yes,No,Tutoring,52.12,Pass,Average
15.6,91.6,83.0,9.4,8,High School,No,No,No,Self-study,75.06,Pass,Good
6.4,99.4,67.1,4.7,4,High School,Yes,No,No,Self-study,56.14,Pass,Average
9.4,65.2,35.5,8.2,6,High School,Yes,No,No,Group Study,38.27,Fail,Poor
14.4,72.9,48.2,8.0,12,High School,Yes,Yes,No,Group Study,62.81,Pass,Average
5.9,79.7,62.2,5.7,7,Masters,Yes,No,Yes,Group Study,47.22,Pass,Below Average
15.6,83.4,69.6,7.0,5,Masters,Yes,No,No,Tutoring,61.84,Pass,Average
10.8,70.3,64.2,6.1,6,PhD,Yes,No,No,Group Study,53.42,Pass,Average
10.1,85.1,83.3,6.9,4,High School,Yes,Yes,No,Online Courses,55.13,Pass,Average
15.6,74.3,35.7,8.7,8,Masters,Yes,Yes,No,Online Courses,62.72,Pass,Average
14.2,79.8,67.2,7.5,5,High School,No,Yes,No,Tutoring,58.0,Pass,Average
10.2,86.6,37.7,7.4,6,High School,No,Yes,No,Group Study,49.63,Pass,Below Average
17.8,80.1,76.4,6.1,7,Masters,Yes,No,No,Group Study,76.22,Pass,Good
6.6,74.8,63.6,4.8,5,Bachelors,Yes,Yes,No,Self-study,45.58,Pass,Below Average
15.1,78.7,71.3,6.4,4,High School,No,Yes,No,Online Courses,48.46,Pass,Below Average
15.0,78.9,52.0,8.3,4,Bachelors,Yes,Yes,No,Tutoring,59.6,Pass,Average
10.5,75.6,84.2,4.7,3,High School,Yes,Yes,No,Group Study,51.18,Pass,Average
13.6,76.9,80.6,5.3,6,Masters,No,Yes,Yes,Self-study,55.76,Pass,Average
5.7,99.2,73.8,6.9,1,Bachelors,Yes,No,No,Tutoring,71.47,Pass,Good
16.6,86.7,63.1,5.4,5,PhD,Yes,No,No,Tutoring,65.87,Pass,Average
11.1,76.5,73.7,5.7,10,High School,Yes,Yes,No,Online Courses,53.7,Pass,Average
9.4,88.4,54.4,6.1,4,Bachelors,Yes,Yes,No,Group Study,55.26,Pass,Average
17.2,76.0,77.8,4.9,5,Bachelors,Yes,Yes,No,Tutoring,70.4,Pass,Good
8.5,94.1,89.7,5.4,4,Bachelors,Yes,Yes,Yes,Self-study,59.23,Pass,Average
5.0,84.4,81.1,7.6,7,High School,Yes,No,No,Self-study,39.4,Fail,Poor
4.2,78.7,54.1,5.0,5,Masters,Yes,No,No,Tutoring,48.4,Pass,Below Average
15.0,85.4,70.4,4.6,5,Masters,Yes,No,Yes,Self-study,66.2,Pass,Average
5.6,61.1,45.6,5.9,12,PhD,Yes,No,Yes,Tutoring,35.49,Fail,Poor
20.8,66.5,73.6,7.7,8,Masters,Yes,Yes,No,Self-study,63.54,Pass,Average
1.6,65.7,71.8,6.4,8,Masters,Yes,No,No,Tutoring,36.18,Fail,Poor
20.5,81.7,37.0,6.1,3,Bachelors,Yes,No,No,Tutoring,60.72,Pass,Average
13.1,100.0,47.6,6.8,5,Masters,Yes,No,No,Tutoring,63.88,Pass,Average
11.5,100.0,60.8,4.4,7,High School,Yes,Yes,No,Self-study,56.9,Pass,Average
9.3,87.7,60.5,7.3,8,Bachelors,Yes,No,No,Tutoring,68.15,Pass,Average
14.0,86.0,46.9,7.2,3,High School,Yes,No,No,Online Courses,47.4,Pass,Below Average
11.8,58.4,70.8,6.2,7,Bachelors,Yes,No,Yes,Tutoring,56.58,Pass,Average
17.5,73.5,68.8,8.0,5,High School,Yes,Yes,No,Group Study,62.1,Pass,Average
12.6,70.5,62.1,5.2,6,PhD,Yes,No,No,Group Study,42.83,Pass,Below Average
12.8,72.5,53.7,8.2,10,High School,Yes,No,No,Online Courses,46.47,Pass,Below Average
10.2,78.0,80.7,6.9,5,High School,No,No,No,Tutoring,57.89,Pass,Average
11.7,74.3,89.8,6.3,7,Bachelors,Yes,No,No,Group Study,59.39,Pass,Average
13.5,56.2,57.7,6.7,8,High School,Yes,No,Yes,Tutoring,27.62,Fail,Poor
3.4,89.0,55.8,6.6,8,High School,Yes,Yes,Yes,Group Study,40.18,Pass,Below Average
5.3,67.1,72.4,8.3,4,High School,Yes,No,Yes,Self-study,36.72,Fail,Poor
15.7,82.9,59.6,5.3,6,Bachelors,No,No,Yes,Self-study,51.32,Pass,Average
12.9,100.0,62.9,5.7,4,Bachelors,Yes,No,No,Online Courses,69.98,Pass,Average
11.1,69.0,76.1,8.0,8,Masters,Yes,Yes,Yes,Online Courses,48.59,Pass,Below Average
12.1,49.6,36.4,5.9,6,Masters,Yes,No,Yes,Tutoring,27.04,Fail,Poor
13.7,76.6,84.8,7.9,3,Bachelors,Yes,No,No,Online Courses,72.32,Pass,Good
9.3,93.2,66.1,8.9,3,High School,Yes,No,No,Tutoring,54.97,Pass,Average
8.1,100.0,58.8,6.2,1,High School,Yes,No,Yes,Self-study,45.07,Pass,Below Average
13.0,65.2,63.7,7.6,7,Masters,Yes,No,No,Self-study,46.64,Pass,Below Average
7.1,86.0,64.4,5.2,3,High School,Yes,No,No,Group Study,52.48,Pass,Average
14.0,74.4,39.0,7.7,4,High School,Yes,Yes,Yes,Tutoring,46.09,Pass,Below Average
3.5,78.7,87.4,7.0,5,Masters,Yes,Yes,Yes,Self-study,50.99,Pass,Average
17.1,100.0,65.6,7.3,2,Bachelors,Yes,Yes,No,Self-study,74.87,Pass,Good
14.4,62.0,71.6,5.9,6,High School,Yes,Yes,No,Tutoring,62.09,Pass,Average
13.3,83.0,79.3,4.5,6,High School,Yes,No,No,Group Study,51.38,Pass,Average
16.9,85.6,49.7,7.4,6,PhD,Yes,No,Yes,Group Study,46.59,Pass,Below Average
20.3,93.0,72.1,4.0,2,Masters,Yes,No,No,Group Study,76.71,Pass,Good
17.1,81.2,61.0,6.3,3,Masters,No,Yes,No,Group Study,59.64,Pass,Average
2.8,83.7,77.7,7.9,6,Bachelors,Yes,Yes,Yes,Self-study,47.35,Pass,Below Average
5.6,75.3,33.1,6.9,7,Bachelors,Yes,No,No,Tutoring,42.0,Pass,Below Average
8.9,83.2,63.5,9.2,6,PhD,Yes,No,No,Tutoring,68.34,Pass,Average
12.1,75.9,56.0,8.0,4,PhD,Yes,Yes,No,Self-study,46.31,Pass,Below Average
14.6,87.5,71.5,5.8,4,High School,Yes,No,No,Self-study,56.72,Pass,Average
8.4,75.6,72.1,6.7,9,Masters,Yes,No,No,Self-study,70.73,Pass,Good
12.9,84.5,54.4,6.6,4,High School,Yes,Yes,No,Online Courses,59.24,Pass,Average
8.2,79.6,54.3,4.6,8,High School,Yes,No,No,Tutoring,46.82,Pass,Below Average
8.9,93.5,63.3,5.5,10,Bachelors,Yes,Yes,Yes,Tutoring,60.36,Pass,Average
5.0,79.4,51.6,6.0,6,Bachelors,Yes,No,No,Tutoring,44.07,Pass,Below Average
7.4,58.7,77.6,4.1,8,PhD,Yes,No,Yes,Group Study,49.02,Pass,Below Average
5.2,95.1,59.5,6.8,2,High School,Yes,Yes,Yes,Self-study,54.77,Pass,Average
7.1,69.1,21.4,6.4,6,Bachelors,Yes,No,No,Self-study,36.0,Fail,Poor
17.3,72.2,59.4,4.5,7,Masters,Yes,No,No,Self-study,54.0,Pass,Average
7.3,72.9,49.4,7.2,6,Masters,Yes,No,No,Online Courses,48.13,Pass,Below Average
25.2,96.5,40.5,7.6,2,High School,Yes,Yes,No,Tutoring,66.08,Pass,Average
14.5,54.4,46.4,7.0,6,Bachelors,Yes,Yes,Yes,Self-study,40.61,Pass,Below Average
12.9,100.0,66.6,6.3,4,Bachelors,No,Yes,No,Online Courses,54.85,Pass,Average
7.7,92.7,84.9,7.5,4,High School,Yes,No,No,Self-study,57.61,Pass,Average
15.5,82.7,69.7,7.6,6,PhD,No,No,No,Group Study,61.41,Pass,Average
9.1,79.3,55.9,7.1,6,Masters,No,Yes,No,Tutoring,43.06,Pass,Below Average
12.6,83.4,71.8,5.6,6,High School,Yes,No,No,Online Courses,53.0,Pass,Average
24.8,86.3,58.1,7.1,5,High School,Yes,No,No,Self-study,66.68,Pass,Average
11.5,87.7,54.6,8.3,5,High School,Yes,No,No,Tutoring,57.95,Pass,Average
17.7,86.7,47.7,5.9,6,Masters,Yes,No,Yes,Online Courses,62.79,Pass,Average
8.5,81.1,38.7,9.4,3,High School,Yes,No,No,Tutoring,43.35,Pass,Below Average
11.8,77.6,59.2,6.0,8,Bachelors,Yes,No,No,Tutoring,61.16,Pass,Average
20.9,78.2,67.4,6.7,4,Bachelors,Yes,No,No,Group Study,73.55,Pass,Good
8.9,77.7,63.6,5.8,4,Bachelors,No,Yes,No,Tutoring,51.53,Pass,Average
21.1,93.6,58.8,7.0,6,High School,Yes,Yes,No,Online Courses,69.33,Pass,Average
15.5,87.1,50.8,4.4,5,High School,Yes,Yes,No,Tutoring,56.45,Pass,Average
9.2,44.7,74.1,6.0,12,PhD,Yes,No,No,Online Courses,52.13,Pass,Average
15.2,87.9,45.2,5.3,8,Masters,No,Yes,No,Tutoring,60.43,Pass,Average
16.9,82.3,76.6,6.9,5,Masters,Yes,Yes,No,Self-study,80.71,Pass,Good
15.1,79.8,50.0,8.0,2,High School,Yes,No,No,Group Study,55.42,Pass,Average
4.1,75.3,53.7,7.5,7,High School,Yes,Yes,No,Self-study,46.01,Pass,Below Average
8.4,93.5,43.0,3.6,11,Bachelors,Yes,Yes,Yes,Group Study,50.97,Pass,Average
10.8,91.4,57.5,9.4,10,High School,Yes,Yes,No,Online Courses,53.53,Pass,Average
11.6,70.7,79.6,7.1,8,Masters,Yes,No,Yes,Group Study,53.08,Pass,Average
15.1,84.9,72.7,5.7,7,Bachelors,Yes,Yes,No,Tutoring,64.76,Pass,Average
12.9,68.3,79.7,6.9,6,High School,Yes,No,No,Tutoring,61.29,Pass,Average
5.3,63.4,72.8,6.9,6,Masters,Yes,No,No,Self-study,55.08,Pass,Average
13.9,72.5,48.4,5.8,8,PhD,No,No,No,Group Study,45.48,Pass,Below Average
15.1,90.3,60.0,7.0,5,High School,Yes,No,No,Online Courses,49.64,Pass,Below Average
14.8,91.4,53.3,5.9,5,Bachelors,No,No,Yes,Online Courses,51.24,Pass,Average
17.4,86.2,85.0,6.2,4,High School,Yes,Yes,No,Tutoring,64.03,Pass,Average
16.2,88.7,47.0,5.8,3,Bachelors,Yes,Yes,No,Online Courses,50.28,Pass,Average
14.3,86.2,78.4,4.8,4,High School,Yes,Yes,No,Tutoring,54.42,Pass,Average
11.6,72.3,78.4,6.9,9,Bachelors,Yes,Yes,No,Tutoring,60.98,Pass,Average
3.7,85.2,92.4,7.5,9,PhD,Yes,Yes,No,Tutoring,75.18,Pass,Good
14.1,89.6,58.9,7.4,3,Bachelors,Yes,Yes,No,Self-study,65.19,Pass,Average
13.0,89.1,75.7,7.8,3,High School,Yes,No,No,Self-study,66.18,Pass,Average
13.4,94.3,99.2,7.1,3,Bachelors,Yes,No,No,Tutoring,85.81,Pass,Excellent
5.6,88.5,55.7,6.0,5,High School,Yes,Yes,Yes,Tutoring,33.36,Fail,Poor
6.6,84.2,42.0,7.8,5,Masters,Yes,No,No,Tutoring,53.05,Pass,Average
17.3,92.8,36.8,4.9,5,Bachelors,Yes,Yes,No,Online Courses,57.56,Pass,Average
11.8,79.7,75.7,5.5,7,High School,Yes,Yes,Yes,Tutoring,55.87,Pass,Average
15.4,69.4,36.8,5.4,9,High School,Yes,No,Yes,Tutoring,32.26,Fail,Poor
12.1,78.0,59.4,8.1,7,Masters,Yes,Yes,No,Group Study,54.32,Pass,Average
12.1,71.1,71.6,7.9,8,High School,Yes,Yes,No,Group Study,55.85,Pass,Average
16.7,71.9,67.8,7.3,8,Masters,Yes,Yes,Yes,Group Study,70.19,Pass,Good
9.4,78.3,71.4,8.1,6,High School,Yes,No,No,Group Study,60.22,Pass,Average
12.5,70.5,68.3,5.6,6,High School,Yes,No,No,Tutoring,46.39,Pass,Below Average
9.7,76.3,84.2,7.2,6,Bachelors,Yes,Yes,Yes,Group Study,48.32,Pass,Below Average
9.8,57.3,50.7,6.5,11,PhD,Yes,No,Yes,Online Courses,26.83,Fail,Poor
10.5,82.6,54.8,7.8,5,PhD,Yes,No,No,Online Courses,68.48,Pass,Average
13.1,80.0,53.4,6.6,7,High School,No,No,Yes,Group Study,33.32,Fail,Poor
9.6,70.2,77.5,6.2,7,Bachelors,Yes,No,No,Self-study,51.53,Pass,Average
18.3,87.9,78.5,7.4,5,High School,Yes,Yes,No,Online Courses,79.95,Pass,Good
7.5,91.3,71.8,7.8,3,Bachelors,No,Yes,No,Online Courses,47.12,Pass,Below Average
11.1,60.7,82.8,5.8,8,Bachelors,No,No,Yes,Group Study,52.27,Pass,Average
9.8,70.8,47.3,6.6,9,Masters,Yes,No,Yes,Group Study,39.57,Fail,Poor
19.2,70.8,90.0,5.3,6,PhD,Yes,No,Yes,Tutoring,59.56,Pass,Average
13.0,68.7,87.8,3.5,7,Bachelors,No,No,Yes,Online Courses,44.48,Pass,Below Average
17.2,90.0,76.0,7.0,8,Bachelors,Yes,No,No,Group Study,64.54,Pass,Average
4.6,77.7,91.7,7.5,6,Masters,No,No,Yes,Group Study,53.71,Pass,Average
13.3,76.8,40.2,7.0,6,Masters,Yes,No,No,Tutoring,46.93,Pass,Below Average
16.4,56.0,57.1,4.2,8,High School,Yes,No,No,Online Courses,28.42,Fail,Poor
12.4,87.6,54.0,6.2,7,High School,Yes,No,Yes,Group Study,46.13,Pass,Below Average
17.3,65.1,75.8,3.8,8,Bachelors,Yes,Yes,Yes,Tutoring,43.26,Pass,Below Average
9.4,80.7,49.2,8.5,4,High School,Yes,Yes,Yes,Group Study,47.73,Pass,Below Average
19.0,83.3,76.4,5.3,3,High School,No,No,Yes,Self-study,47.09,Pass,Below Average
23.5,96.3,85.6,8.3,5,High School,Yes,No,No,Self-study,78.26,Pass,Good
10.2,64.3,75.4,7.9,7,Bachelors,Yes,No,No,Group Study,54.92,Pass,Average
9.8,43.8,69.3,5.5,9,High School,Yes,No,No,Online Courses,33.88,Fail,Poor
19.3,82.2,50.2,5.2,8,High School,Yes,Yes,No,Self-study,57.35,Pass,Average
19.9,100.0,52.3,7.2,3,High School,Yes,Yes,No,Tutoring,73.67,Pass,Good
9.4,94.9,83.7,5.6,3,Masters,Yes,No,No,Group Study,60.89,Pass,Average
9.9,82.5,76.7,6.8,5,Masters,Yes,Yes,No,Tutoring,64.03,Pass,Average
10.6,74.1,64.4,6.1,5,Bachelors,Yes,Yes,Yes,Self-study,26.99,Fail,Poor
5.3,89.7,58.7,4.4,8,Bachelors,Yes,Yes,Yes,Online Courses,46.59,Pass,Below Average
7.4,68.3,34.6,3.8,6,PhD,Yes,Yes,No,Tutoring,37.49,Fail,Poor
7.0,85.7,48.9,7.0,6,High School,No,No,No,Self-study,33.21,Fail,Poor
8.2,86.1,93.7,6.0,6,High School,Yes,Yes,No,Self-study,64.74,Pass,Average
11.8,92.7,45.8,6.0,5,High School,Yes,No,No,Self-study,59.4,Pass,Average
13.2,100.0,67.8,7.6,3,High School,Yes,Yes,No,Tutoring,64.79,Pass,Average
19.8,84.7,80.1,8.2,4,Bachelors,Yes,No,No,Self-study,68.53,Pass,Average
7.0,73.9,46.2,6.3,6,Masters,Yes,Yes,No,Group Study,47.64,Pass,Below Average
16.9,79.7,67.8,6.3,5,Bachelors,Yes,No,No,Self-study,53.59,Pass,Average
10.9,58.8,79.1,7.4,9,Bachelors,Yes,No,No,Group Study,47.26,Pass,Below Average
11.8,71.7,65.2,4.9,10,PhD,Yes,Yes,No,Online Courses,63.88,Pass,Average
15.4,75.1,100.0,7.0,9,High School,Yes,No,No,Group Study,66.5,Pass,Average
6.4,73.7,40.0,7.4,10,High School,Yes,No,No,Online Courses,23.07,Fail,Poor
13.9,81.8,80.9,7.6,7,Bachelors,Yes,Yes,No,Online Courses,55.3,Pass,Average
12.8,70.1,62.4,4.2,7,Bachelors,Yes,Yes,No,Group Study,51.95,Pass,Average
14.5,93.5,76.6,5.7,7,High School,Yes,No,No,Online Courses,69.52,Pass,Average
13.4,80.0,71.6,5.6,4,Bachelors,Yes,No,No,Group Study,49.04,Pass,Below Average
24.3,79.9,54.0,6.8,6,Bachelors,No,Yes,Yes,Tutoring,60.49,Pass,Average
8.8,76.1,68.4,7.3,6,Bachelors,No,Yes,No,Online Courses,59.3,Pass,Average
9.3,81.9,37.1,8.6,5,Bachelors,Yes,No,Yes,Group Study,56.96,Pass,Average
8.9,89.9,74.0,6.1,3,High School,Yes,No,No,Online Courses,60.18,Pass,Average
9.2,69.6,69.5,6.1,6,High School,Yes,No,No,Self-study,50.7,Pass,Average
8.8,72.1,74.6,8.2,10,Bachelors,No,Yes,No,Group Study,35.51,Fail,Poor
17.9,76.4,80.9,7.1,3,High School,Yes,No,Yes,Self-study,75.34,Pass,Good
19.1,63.8,70.5,8.3,4,PhD,Yes,Yes,No,Online Courses,65.23,Pass,Average
9.1,70.2,67.2,7.1,8,Bachelors,Yes,Yes,No,Online Courses,45.84,Pass,Below Average
7.8,74.3,51.8,5.2,7,High School,Yes,No,No,Tutoring,38.26,Fail,Poor
14.4,90.5,54.3,5.0,7,Masters,No,No,Yes,Group Study,59.49,Pass,Average
9.2,83.2,82.8,4.7,4,Bachelors,Yes,Yes,No,Self-study,76.47,Pass,Good
15.2,82.3,86.5,7.6,5,High School,Yes,No,No,Tutoring,67.61,Pass,Average
13.0,90.2,61.4,8.2,5,Masters,Yes,No,Yes,Online Courses,68.01,Pass,Average
4.4,78.4,65.7,9.1,3,Masters,Yes,No,No,Online Courses,56.04,Pass,Average
19.7,84.7,51.4,7.8,3,Bachelors,Yes,No,No,Tutoring,57.94,Pass,Average
21.0,78.8,82.6,8.2,6,High School,Yes,No,No,Self-study,80.47,Pass,Good
8.9,83.2,75.0,5.9,5,Bachelors,No,Yes,No,Online Courses,49.73,Pass,Below Average
10.1,73.0,94.1,5.2,8,Masters,Yes,No,No,Online Courses,71.99,Pass,Good
13.4,50.7,51.8,7.8,9,High School,Yes,No,No,Group Study,47.9,Pass,Below Average
13.7,78.4,59.3,7.2,9,High School,No,No,No,Tutoring,50.59,Pass,Average
15.3,97.1,68.5,6.8,3,Masters,Yes,No,Yes,Online Courses,80.16,Pass,Good
22.1,91.1,74.7,7.2,2,High School,Yes,No,Yes,Self-study,84.85,Pass,Good
11.1,91.6,61.8,7.1,7,Masters,Yes,Yes,No,Group Study,62.52,Pass,Average
8.0,94.8,51.9,8.4,2,Bachelors,Yes,Yes,No,Tutoring,54.63,Pass,Average
5.1,81.1,78.2,8.4,4,Bachelors,Yes,No,No,Self-study,45.34,Pass,Below Average
8.3,82.4,75.8,7.4,3,High School,No,Yes,No,Online Courses,68.17,Pass,Average
11.8,72.6,51.3,7.8,7,Masters,Yes,Yes,No,Tutoring,51.21,Pass,Average
21.0,76.2,85.3,7.4,4,Bachelors,Yes,No,No,Tutoring,81.23,Pass,Good
9.4,87.4,82.6,6.1,6,Bachelors,Yes,No,Yes,Self-study,52.85,Pass,Average
13.1,94.4,67.0,7.7,4,Bachelors,Yes,Yes,No,Tutoring,79.08,Pass,Good
11.9,78.3,66.2,4.9,6,Masters,Yes,No,No,Self-study,51.67,Pass,Average
17.9,74.6,73.3,8.1,9,PhD,Yes,No,No,Online Courses,60.7,Pass,Average
24.6,80.0,52.1,5.1,5,Bachelors,No,No,Yes,Group Study,52.2,Pass,Average
9.3,87.2,65.5,7.1,3,Bachelors,Yes,No,No,Self-study,55.55,Pass,Average
9.6,62.7,32.7,5.6,7,PhD,Yes,Yes,Yes,Group Study,40.37,Pass,Below Average
17.2,52.4,78.1,7.4,9,Bachelors,Yes,Yes,Yes,Tutoring,52.28,Pass,Average
15.4,73.4,41.6,6.7,6,High School,Yes,Yes,Yes,Self-study,47.82,Pass,Below Average
21.2,65.4,87.6,4.6,7,High School,Yes,No,No,Online Courses,59.64,Pass,Average
14.9,73.9,60.0,7.2,7,Masters,Yes,No,No,Self-study,53.9,Pass,Average
10.2,78.2,61.8,5.9,5,Bachelors,Yes,No,No,Self-study,48.81,Pass,Below Average
15.0,74.6,55.6,7.8,5,Bachelors,Yes,No,No,Self-study,70.65,Pass,Good
17.5,97.4,60.7,6.7,5,Bachelors,Yes,No,No,Group Study,70.16,Pass,Good
16.1,83.9,86.3,7.2,8,High School,Yes,No,No,Group Study,52.86,Pass,Average
14.5,83.6,27.7,5.5,7,Bachelors,Yes,Yes,No,Tutoring,44.28,Pass,Below Average
17.3,87.5,84.2,5.9,5,High School,Yes,Yes,Yes,Tutoring,65.8,Pass,Average
17.8,66.3,70.1,6.1,5,Bachelors,Yes,No,No,Tutoring,71.54,Pass,Good
18.9,92.5,46.9,7.8,5,Bachelors,Yes,Yes,No,Tutoring,73.59,Pass,Good
15.2,79.1,48.9,8.9,7,Bachelors,Yes,Yes,No,Self-study,52.39,Pass,Average
11.2,88.0,90.1,5.7,2,Masters,Yes,No,No,Group Study,87.15,Pass,Excellent
12.7,67.1,50.8,8.1,8,Masters,Yes,Yes,No,Group Study,52.55,Pass,Average
18.0,61.4,47.7,3.9,5,Masters,Yes,No,Yes,Group Study,52.68,Pass,Average
7.9,89.8,82.1,5.1,2,High School,Yes,Yes,No,Group Study,52.65,Pass,Average
13.8,84.5,70.1,5.5,5,High School,Yes,Yes,No,Tutoring,43.08,Pass,Below Average
10.0,69.2,50.9,4.9,7,Bachelors,Yes,Yes,No,Self-study,35.08,Fail,Poor
12.1,69.6,68.2,4.6,9,PhD,Yes,No,No,Group Study,32.25,Fail,Poor
18.4,93.5,49.6,7.2,2,Masters,No,Yes,No,Online Courses,78.97,Pass,Good
13.0,65.7,81.5,6.4,6,Masters,Yes,No,No,Self-study,61.3,Pass,Average
12.2,99.7,80.9,7.2,3,High School,Yes,No,No,Online Courses,62.85,Pass,Average
5.2,69.2,73.0,7.6,8,Bachelors,Yes,No,Yes,Self-study,47.3,Pass,Below Average
15.7,87.7,70.4,7.0,9,Bachelors,No,Yes,No,Self-study,62.15,Pass,Average
15.2,76.1,91.4,7.6,3,High School,Yes,No,No,Self-study,71.13,Pass,Good
22.8,87.2,65.0,6.6,5,High School,Yes,No,Yes,Online Courses,71.6,Pass,Good
10.5,73.5,47.3,5.2,4,PhD,No,No,No,Group Study,42.44,Pass,Below Average
13.1,78.0,71.7,8.1,4,High School,Yes,No,No,Group Study,53.01,Pass,Average
13.2,80.5,96.3,5.9,3,High School,Yes,Yes,No,Online Courses,73.44,Pass,Good
19.9,68.0,49.8,5.5,6,High School,Yes,No,Yes,Group Study,50.94,Pass,Average
11.5,88.9,59.6,6.5,4,PhD,Yes,Yes,No,Tutoring,65.76,Pass,Average
13.4,73.8,71.2,5.5,9,Bachelors,Yes,Yes,No,Group Study,71.72,Pass,Good
15.0,77.3,64.2,6.2,4,Bachelors,Yes,Yes,No,Tutoring,57.63,Pass,Average
12.9,68.1,50.3,7.1,7,Masters,Yes,No,No,Tutoring,44.45,Pass,Below Average
9.8,49.3,81.8,7.2,10,High School,Yes,No,Yes,Tutoring,41.88,Pass,Below Average
13.0,77.7,99.8,5.5,7,Bachelors,Yes,Yes,No,Online Courses,64.02,Pass,Average
17.4,100.0,67.9,6.1,7,High School,Yes,No,Yes,Group Study,65.58,Pass,Average
6.9,89.4,51.4,8.1,8,High School,Yes,Yes,Yes,Group Study,39.89,Fail,Poor
12.7,79.8,41.8,7.3,9,Masters,No,No,No,Online Courses,43.01,Pass,Below Average
8.5,76.8,68.9,9.4,6,Masters,Yes,Yes,No,Online Courses,74.08,Pass,Good
18.0,80.3,81.6,8.2,2,Bachelors,Yes,Yes,No,Group Study,71.75,Pass,Good
4.4,86.6,72.1,8.2,2,Bachelors,Yes,Yes,Yes,Online Courses,49.79,Pass,Below Average
9.2,65.8,65.0,4.9,6,Bachelors,Yes,Yes,No,Online Courses,55.72,Pass,Average
13.9,93.4,56.2,7.7,3,High School,Yes,No,No,Tutoring,53.37,Pass,Average
19.8,88.6,48.6,6.6,5,High School,Yes,Yes,No,Online Courses,56.77,Pass,Average
11.7,88.6,77.5,6.0,8,High School,Yes,No,No,Tutoring,63.01,Pass,Average
9.2,85.3,78.7,6.9,8,High School,Yes,Yes,No,Self-study,65.03,Pass,Average
21.4,80.2,41.8,7.9,9,Masters,Yes,No,No,Tutoring,69.75,Pass,Average
4.8,88.1,88.8,7.4,3,High School,Yes,No,Yes,Tutoring,50.12,Pass,Average
1.0,87.1,73.6,5.6,6,High School,Yes,Yes,No,Online Courses,52.31,Pass,Average
14.2,75.8,86.0,7.7,11,Bachelors,Yes,No,No,Group Study,60.59,Pass,Average
9.5,73.1,44.9,5.9,4,Masters,Yes,Yes,No,Self-study,44.43,Pass,Below Average
6.9,81.2,44.5,7.0,3,High School,Yes,No,No,Self-study,51.81,Pass,Average
15.5,98.6,62.8,6.3,1,High School,Yes,Yes,No,Self-study,63.56,Pass,Average
13.2,65.1,72.5,6.4,5,Bachelors,Yes,No,Yes,Group Study,52.31,Pass,Average
9.2,62.4,91.9,7.7,5,Masters,Yes,No,Yes,Self-study,56.9,Pass,Average
5.6,82.0,75.6,5.3,8,Bachelors,No,No,No,Self-study,39.07,Fail,Poor
16.4,80.6,61.4,9.2,4,Masters,Yes,No,Yes,Group Study,69.17,Pass,Average
15.3,82.1,49.6,4.3,8,PhD,Yes,No,No,Self-study,60.14,Pass,Average
11.5,82.9,83.5,5.9,11,Masters,No,Yes,No,Online Courses,45.34,Pass,Below Average
21.2,77.3,50.5,7.2,6,Bachelors,Yes,No,No,Online Courses,63.01,Pass,Average
6.6,97.9,89.4,7.5,1,Bachelors,Yes,No,No,Tutoring,65.03,Pass,Average
4.4,60.8,60.7,6.6,8,High School,Yes,Yes,No,Tutoring,44.76,Pass,Below Average
8.5,70.1,88.9,6.6,5,PhD,Yes,No,No,Tutoring,52.68,Pass,Average
11.8,78.8,75.2,7.2,9,Bachelors,Yes,Yes,Yes,Online Courses,53.83,Pass,Average
13.2,60.3,62.9,6.4,9,High School,Yes,No,No,Online Courses,46.96,Pass,Below Average
10.8,77.9,57.2,8.5,9,Bachelors,Yes,No,No,Online Courses,53.74,Pass,Average
13.8,99.9,59.9,7.8,5,High School,Yes,Yes,No,Tutoring,70.47,Pass,Good
5.7,80.3,71.4,7.8,7,Bachelors,Yes,No,Yes,Tutoring,39.04,Fail,Poor
19.2,82.8,66.2,5.4,9,Bachelors,Yes,Yes,No,Tutoring,75.82,Pass,Good
11.6,64.9,56.1,6.6,7,Bachelors,Yes,Yes,No,Tutoring,52.21,Pass,Average
17.6,72.6,62.5,6.3,6,Masters,Yes,Yes,No,Tutoring,71.68,Pass,Good
13.7,75.5,66.2,5.4,8,High School,Yes,No,No,Tutoring,57.23,Pass,Average
14.3,76.2,33.1,7.2,5,Bachelors,Yes,Yes,No,Online Courses,49.63,Pass,Below Average
14.8,95.4,71.9,6.0,6,Bachelors,Yes,Yes,No,Group Study,60.38,Pass,Average
14.2,86.7,50.3,7.6,5,Bachelors,Yes,No,Yes,Group Study,50.15,Pass,Average
15.2,66.7,47.7,5.3,9,Masters,Yes,Yes,No,Tutoring,60.65,Pass,Average
18.6,83.0,39.7,8.9,7,Bachelors,Yes,Yes,No,Group Study,70.13,Pass,Good
13.0,86.0,38.1,5.5,8,Bachelors,Yes,Yes,No,Group Study,46.16,Pass,Below Average
15.5,93.7,44.7,7.0,6,High School,Yes,Yes,No,Online Courses,38.56,Fail,Poor
11.6,99.0,54.4,7.7,4,PhD,Yes,No,Yes,Tutoring,61.34,Pass,Average
19.2,67.8,94.3,6.0,10,Bachelors,Yes,Yes,Yes,Tutoring,61.89,Pass,Average
8.6,70.3,57.1,7.8,6,Masters,Yes,No,No,Group Study,49.04,Pass,Below Average
21.0,64.9,67.7,5.1,6,High School,Yes,No,No,Tutoring,59.14,Pass,Average
11.8,77.2,71.0,8.6,6,High School,No,Yes,No,Tutoring,58.9,Pass,Average
4.8,85.6,67.0,6.7,7,Bachelors,Yes,Yes,No,Tutoring,60.62,Pass,Average
12.6,91.8,63.8,5.9,6,Masters,No,Yes,No,Tutoring,62.26,Pass,Average
8.6,79.1,47.1,6.3,4,Bachelors,No,No,No,Group Study,29.39,Fail,Poor
16.2,76.2,86.8,7.8,3,PhD,Yes,Yes,No,Self-study,73.96,Pass,Good
8.7,81.8,92.1,5.9,5,Bachelors,Yes,Yes,No,Group Study,80.53,Pass,Good
9.8,70.0,39.8,5.7,11,Bachelors,Yes,No,No,Online Courses,41.04,Pass,Below Average
2.6,100.0,49.6,6.4,7,High School,No,Yes,No,Self-study,44.3,Pass,Below Average
9.7,60.7,60.8,5.2,7,Masters,Yes,Yes,No,Self-study,49.45,Pass,Below Average
0.0,82.2,50.5,9.1,6,High School,No,No,No,Self-study,37.6,Fail,Poor
4.1,100.0,72.6,6.0,3,Masters,Yes,No,No,Group Study,45.8,Pass,Below Average
15.8,80.1,54.1,7.8,2,Masters,Yes,Yes,No,Online Courses,62.85,Pass,Average
15.9,77.7,97.5,7.0,6,PhD,Yes,No,No,Group Study,75.89,Pass,Good
14.1,75.7,82.9,5.4,7,Bachelors,Yes,Yes,Yes,Online Courses,67.28,Pass,Average
7.2,77.8,68.2,6.7,7,Bachelors,Yes,No,No,Group Study,52.13,Pass,Average
11.8,96.5,80.4,7.7,3,Masters,Yes,No,No,Group Study,62.38,Pass,Average
12.0,53.5,81.6,6.5,7,High School,Yes,No,No,Group Study,50.8,Pass,Average
6.2,98.4,56.5,8.3,4,Bachelors,Yes,No,Yes,Self-study,48.49,Pass,Below Average
19.5,62.9,52.8,8.0,11,High School,Yes,No,Yes,Group Study,36.95,Fail,Poor
16.4,76.8,66.2,7.9,2,Bachelors,Yes,No,Yes,Online Courses,53.82,Pass,Average
10.9,74.8,77.9,6.1,11,High School,Yes,No,No,Online Courses,55.43,Pass,Average
12.1,87.1,67.1,5.3,4,High School,Yes,Yes,Yes,Online Courses,62.0,Pass,Average
13.0,60.8,41.3,5.9,10,Bachelors,Yes,No,No,Self-study,42.72,Pass,Below Average
1.8,85.5,53.0,7.0,3,Bachelors,Yes,No,Yes,Group Study,46.11,Pass,Below Average
10.8,100.0,63.9,7.4,1,Bachelors,Yes,No,Yes,Group Study,65.26,Pass,Average
8.6,63.6,63.9,3.9,8,High School,Yes,Yes,Yes,Tutoring,36.25,Fail,Poor
7.0,82.3,94.6,6.7,7,Bachelors,Yes,No,Yes,Self-study,62.63,Pass,Average
10.6,72.1,44.2,6.9,3,High School,Yes,No,No,Online Courses,26.98,Fail,Poor
21.0,85.1,72.6,6.3,5,Bachelors,Yes,No,No,Online Courses,71.57,Pass,Good
15.2,80.2,87.3,8.4,6,Bachelors,Yes,No,No,Group Study,63.17,Pass,Average
9.1,72.3,99.1,7.2,5,Bachelors,Yes,Yes,Yes,Online Courses,68.96,Pass,Average
14.9,85.9,58.9,8.4,5,Masters,Yes,Yes,Yes,Group Study,61.41,Pass,Average
19.0,100.0,72.4,6.4,3,High School,Yes,Yes,No,Group Study,74.16,Pass,Good
16.6,77.7,73.5,7.9,4,Masters,No,Yes,No,Tutoring,54.33,Pass,Average
12.3,88.6,67.9,8.8,4,Bachelors,No,No,Yes,Self-study,62.27,Pass,Average
8.8,64.5,63.5,8.4,8,Bachelors,Yes,No,No,Group Study,52.7,Pass,Average
15.5,68.5,71.5,5.3,10,Bachelors,Yes,No,No,Group Study,58.28,Pass,Average
14.0,85.7,27.0,6.4,6,High School,Yes,No,Yes,Group Study,34.31,Fail,Poor
16.5,97.8,75.2,6.3,7,Bachelors,Yes,Yes,No,Tutoring,67.54,Pass,Average
15.2,84.3,66.9,7.3,6,Bachelors,Yes,Yes,Yes,Group Study,62.16,Pass,Average
17.2,76.2,61.7,7.6,6,High School,Yes,Yes,No,Self-study,54.51,Pass,Average
9.3,80.0,95.7,5.6,8,High School,Yes,Yes,Yes,Self-study,59.05,Pass,Average
18.6,65.0,54.9,6.8,8,High School,No,No,No,Online Courses,29.63,Fail,Poor
13.0,87.3,59.0,4.1,7,PhD,Yes,Yes,Yes,Self-study,53.17,Pass,Average
22.4,90.6,94.9,8.6,3,Bachelors,Yes,Yes,No,Online Courses,100.0,Pass,Excellent
8.6,74.6,52.5,6.0,8,High School,Yes,Yes,Yes,Self-study,41.95,Pass,Below Average
20.7,74.4,56.7,6.8,6,Bachelors,Yes,No,No,Online Courses,62.07,Pass,Average
13.0,83.2,62.8,6.3,4,Bachelors,Yes,No,No,Group Study,72.47,Pass,Good
8.7,74.8,77.6,8.2,6,Masters,Yes,No,No,Tutoring,44.23,Pass,Below Average
9.6,79.2,68.1,3.0,6,High School,Yes,Yes,No,Tutoring,42.94,Pass,Below Average
10.4,100.0,45.6,6.7,1,High School,Yes,No,No,Tutoring,52.8,Pass,Average
14.1,77.0,57.0,6.6,7,Masters,Yes,Yes,No,Group Study,64.48,Pass,Average
14.6,75.7,55.9,6.1,8,High School,Yes,No,Yes,Tutoring,51.15,Pass,Average
9.1,72.2,63.8,8.9,4,High School,Yes,No,No,Self-study,45.21,Pass,Below Average
11.9,88.9,71.4,5.5,3,PhD,Yes,No,Yes,Online Courses,69.23,Pass,Average
22.7,77.8,71.3,7.7,4,Bachelors,Yes,No,No,Group Study,68.79,Pass,Average
20.6,72.2,38.4,7.2,8,High School,Yes,Yes,Yes,Tutoring,55.38,Pass,Average
14.2,95.9,81.0,8.3,4,High School,Yes,No,No,Self-study,63.69,Pass,Average
12.2,97.0,68.8,5.8,4,High School,Yes,Yes,No,Self-study,62.46,Pass,Average
12.6,72.8,85.8,5.7,8,High School,Yes,No,No,Group Study,52.86,Pass,Average
15.1,57.6,71.7,8.1,10,Masters,Yes,Yes,No,Group Study,64.83,Pass,Average
6.9,92.1,81.5,7.3,6,Bachelors,Yes,Yes,Yes,Tutoring,56.56,Pass,Average
10.7,71.8,72.0,4.7,7,Masters,Yes,No,No,Online Courses,53.59,Pass,Average
3.7,89.5,85.2,6.0,3,Masters,Yes,No,Yes,Tutoring,60.73,Pass,Average
14.0,56.4,72.8,7.2,10,Bachelors,Yes,Yes,No,Tutoring,56.6,Pass,Average
15.2,90.7,63.5,7.8,3,High School,Yes,No,No,Group Study,69.59,Pass,Average
9.6,65.5,99.1,5.8,7,Bachelors,Yes,No,No,Tutoring,60.16,Pass,Average
19.9,88.8,78.3,3.0,5,Masters,Yes,Yes,Yes,Tutoring,65.1,Pass,Average
5.9,80.2,73.6,7.4,11,Masters,No,No,Yes,Online Courses,42.01,Pass,Below Average
4.7,68.6,45.9,5.1,6,High School,Yes,No,Yes,Self-study,28.42,Fail,Poor
13.1,75.1,45.7,4.1,6,Bachelors,No,No,Yes,Self-study,37.47,Fail,Poor
17.2,88.2,69.4,3.0,7,Bachelors,Yes,Yes,Yes,Online Courses,57.81,Pass,Average
20.4,81.3,67.2,7.8,3,Masters,Yes,Yes,No,Self-study,73.82,Pass,Good
9.7,87.0,55.8,6.9,7,High School,Yes,No,Yes,Tutoring,35.72,Fail,Poor
17.4,100.0,67.1,6.4,5,Bachelors,Yes,No,No,Online Courses,75.85,Pass,Good
11.8,61.2,88.8,8.5,10,Masters,Yes,No,No,Online Courses,61.63,Pass,Average
11.1,99.4,75.4,7.5,4,Bachelors,Yes,Yes,No,Group Study,78.02,Pass,Good
16.4,81.3,47.9,8.8,5,Bachelors,Yes,No,No,Self-study,59.51,Pass,Average
15.3,69.2,63.3,4.9,7,High School,Yes,No,No,Group Study,37.24,Fail,Poor
4.1,64.0,52.9,6.7,10,High School,No,Yes,No,Tutoring,26.68,Fail,Poor
19.4,77.7,59.2,4.6,5,High School,No,No,Yes,Online Courses,44.22,Pass,Below Average
18.9,91.1,58.8,6.4,4,PhD,Yes,No,No,Tutoring,76.51,Pass,Good
8.9,78.5,57.8,6.4,8,High School,Yes,Yes,No,Self-study,33.52,Fail,Poor
14.0,98.1,46.2,7.5,4,Bachelors,Yes,No,No,Group Study,62.13,Pass,Average
14.5,62.6,63.1,6.8,5,Bachelors,Yes,Yes,No,Self-study,57.69,Pass,Average
13.3,79.9,56.6,7.5,7,High School,Yes,No,No,Tutoring,48.12,Pass,Below Average
9.2,65.0,21.1,7.6,5,Bachelors,Yes,Yes,No,Group Study,37.09,Fail,Poor
8.6,84.4,95.8,9.5,6,Masters,Yes,Yes,Yes,Self-study,64.8,Pass,Average
11.9,90.6,81.3,6.3,6,Masters,No,No,No,Tutoring,57.73,Pass,Average
17.9,75.0,59.4,5.5,9,Bachelors,Yes,No,No,Self-study,53.24,Pass,Average
14.7,48.7,65.3,7.0,6,Bachelors,Yes,Yes,Yes,Online Courses,40.15,Pass,Below Average
10.1,82.4,47.4,5.7,6,High School,Yes,No,Yes,Group Study,45.32,Pass,Below Average
15.9,85.2,90.4,8.6,5,PhD,Yes,Yes,Yes,Group Study,71.52,Pass,Good
0.0,84.9,93.5,6.3,7,High School,Yes,Yes,No,Group Study,47.52,Pass,Below Average
17.7,94.8,67.4,6.0,4,Masters,Yes,Yes,Yes,Online Courses,81.03,Pass,Good
3.3,67.1,80.4,6.1,5,High School,Yes,No,No,Group Study,50.97,Pass,Average
10.2,88.2,67.6,7.6,6,PhD,No,Yes,No,Online Courses,48.42,Pass,Below Average
6.4,94.3,44.9,6.5,8,Masters,Yes,Yes,No,Group Study,47.68,Pass,Below Average
5.5,58.7,58.8,5.9,7,Masters,Yes,Yes,No,Self-study,43.79,Pass,Below Average
17.8,83.8,67.0,8.9,7,High School,Yes,Yes,No,Self-study,68.17,Pass,Average
9.7,73.9,58.2,5.6,6,Bachelors,Yes,No,No,Self-study,38.15,Fail,Poor
13.7,79.0,61.7,6.7,3,Bachelors,Yes,No,Yes,Self-study,62.06,Pass,Average
11.8,84.2,63.6,7.5,13,Masters,Yes,Yes,No,Online Courses,65.56,Pass,Average
14.4,74.2,63.8,4.6,7,High School,Yes,No,No,Tutoring,53.22,Pass,Average
12.4,71.9,65.8,7.3,9,PhD,No,No,No,Tutoring,62.05,Pass,Average
5.6,80.4,49.1,5.3,5,Masters,Yes,No,No,Self-study,49.1,Pass,Below Average
17.0,67.0,54.2,7.8,7,High School,Yes,No,Yes,Tutoring,49.33,Pass,Below Average
9.5,67.0,45.7,5.4,11,Masters,Yes,No,No,Tutoring,51.63,Pass,Average
4.2,88.2,79.7,7.6,6,Bachelors,Yes,Yes,Yes,Group Study,63.2,Pass,Average
9.9,66.2,33.4,8.1,5,Bachelors,Yes,No,No,Online Courses,35.18,Fail,Poor
19.5,88.0,82.3,7.8,8,High School,Yes,No,No,Self-study,75.33,Pass,Good
16.3,85.6,85.8,7.0,5,Bachelors,Yes,No,No,Tutoring,67.05,Pass,Average
10.3,59.3,60.5,6.4,5,Masters,Yes,No,Yes,Tutoring,46.62,Pass,Below Average
10.3,71.9,26.0,6.0,13,Bachelors,Yes,Yes,No,Self-study,39.37,Fail,Poor
10.4,94.3,59.6,8.6,6,Bachelors,Yes,No,No,Group Study,52.37,Pass,Average
22.4,68.2,64.0,5.8,5,Bachelors,Yes,No,Yes,Self-study,56.45,Pass,Average
13.9,74.4,49.8,5.4,6,Masters,Yes,Yes,No,Group Study,55.51,Pass,Average
14.2,85.5,57.3,7.6,3,High School,Yes,Yes,No,Tutoring,56.63,Pass,Average
17.2,89.4,88.0,5.7,3,Masters,Yes,No,No,Online Courses,78.26,Pass,Good
13.2,77.0,75.0,5.5,4,Bachelors,Yes,No,No,Group Study,65.16,Pass,Average
10.7,72.8,51.1,4.8,8,High School,Yes,No,No,Group Study,40.97,Pass,Below Average
11.0,97.1,41.0,6.1,5,High School,Yes,No,No,Self-study,52.33,Pass,Average
11.6,100.0,60.1,6.6,7,Bachelors,Yes,Yes,No,Tutoring,73.5,Pass,Good
11.8,91.7,61.8,7.0,6,Masters,Yes,Yes,No,Online Courses,68.06,Pass,Average
15.6,81.0,72.4,7.9,6,Bachelors,Yes,Yes,No,Self-study,68.46,Pass,Average
12.3,70.3,57.0,7.4,8,Masters,Yes,Yes,Yes,Self-study,43.56,Pass,Below Average
15.7,70.0,72.7,6.5,6,High School,Yes,Yes,Yes,Online Courses,57.39,Pass,Average
11.6,86.3,94.0,6.4,5,Bachelors,Yes,Yes,Yes,Tutoring,68.52,Pass,Average
12.4,85.0,77.2,7.4,5,PhD,Yes,No,No,Online Courses,78.29,Pass,Good
2.0,96.8,64.3,8.4,6,Masters,Yes,No,No,Self-study,58.08,Pass,Average
16.6,87.8,62.3,6.9,3,High School,Yes,Yes,No,Self-study,51.34,Pass,Average
13.7,62.0,59.6,6.1,8,Bachelors,Yes,Yes,Yes,Group Study,33.54,Fail,Poor
17.0,92.6,82.7,5.4,5,High School,Yes,Yes,No,Online Courses,75.22,Pass,Good
0.0,68.0,55.6,4.8,7,Bachelors,Yes,No,No,Online Courses,29.78,Fail,Poor
22.4,75.4,65.7,7.6,7,Masters,Yes,Yes,No,Online Courses,73.81,Pass,Good
11.3,83.0,65.8,7.5,4,Masters,No,Yes,No,Self-study,58.76,Pass,Average
17.5,100.0,57.5,7.5,6,High School,Yes,No,No,Tutoring,64.55,Pass,Average
6.8,100.0,44.4,6.5,3,PhD,Yes,No,Yes,Self-study,53.09,Pass,Average
15.1,87.3,69.8,8.5,4,Bachelors,No,Yes,Yes,Group Study,53.65,Pass,Average
6.7,77.8,64.1,6.1,3,Bachelors,Yes,Yes,Yes,Self-study,47.96,Pass,Below Average
8.9,86.4,72.5,7.9,4,Bachelors,Yes,Yes,No,Self-study,59.25,Pass,Average
21.6,90.7,57.0,6.6,4,Bachelors,Yes,No,No,Self-study,66.63,Pass,Average
11.0,76.2,83.3,5.9,5,Bachelors,Yes,No,No,Group Study,57.91,Pass,Average
13.1,100.0,51.8,7.5,5,Bachelors,Yes,Yes,No,Online Courses,63.27,Pass,Average
16.4,82.8,90.7,7.2,7,Bachelors,No,No,No,Tutoring,72.22,Pass,Good
14.5,86.0,38.8,7.2,10,High School,Yes,Yes,Yes,Tutoring,44.62,Pass,Below Average
12.8,88.0,71.5,6.8,7,Masters,Yes,Yes,Yes,Group Study,69.31,Pass,Average
13.8,85.1,72.1,6.7,4,Bachelors,Yes,Yes,No,Online Courses,76.4,Pass,Good
24.0,90.1,53.1,9.8,7,High School,Yes,No,No,Online Courses,75.48,Pass,Good
11.7,72.6,71.4,8.2,7,Masters,Yes,Yes,No,Group Study,65.22,Pass,Average
13.0,73.3,84.2,7.6,6,PhD,No,Yes,No,Self-study,66.01,Pass,Average
17.3,66.8,31.7,6.8,7,PhD,No,Yes,Yes,Online Courses,47.43,Pass,Below Average
17.5,85.3,72.5,8.0,11,Bachelors,Yes,Yes,No,Tutoring,69.18,Pass,Average
17.9,89.3,27.6,7.4,4,High School,No,No,No,Group Study,53.48,Pass,Average
15.2,85.5,50.5,6.7,5,Bachelors,Yes,Yes,Yes,Tutoring,59.37,Pass,Average
6.3,100.0,89.4,6.3,3,High School,Yes,Yes,No,Self-study,64.13,Pass,Average
20.2,79.9,56.3,6.6,9,PhD,Yes,No,No,Group Study,71.54,Pass,Good
6.3,88.0,47.4,3.0,5,High School,Yes,No,Yes,Tutoring,36.35,Fail,Poor
13.5,66.9,62.0,7.0,8,High School,Yes,No,Yes,Tutoring,43.08,Pass,Below Average
8.2,75.4,96.0,6.1,6,Bachelors,Yes,No,No,Self-study,57.76,Pass,Average
11.7,88.3,37.5,8.8,4,Bachelors,Yes,Yes,No,Group Study,57.2,Pass,Average
13.6,90.2,49.2,6.7,2,Masters,Yes,No,No,Online Courses,68.31,Pass,Average
13.6,76.5,87.5,5.2,6,Bachelors,Yes,No,No,Online Courses,68.89,Pass,Average
14.1,79.1,92.9,6.6,3,High School,No,Yes,No,Tutoring,64.64,Pass,Average
20.1,61.8,63.4,5.3,7,High School,Yes,No,Yes,Self-study,51.29,Pass,Average
14.3,75.7,46.4,7.3,10,Bachelors,Yes,Yes,No,Tutoring,60.69,Pass,Average
10.8,90.7,96.4,7.1,4,High School,Yes,No,No,Self-study,67.74,Pass,Average
16.8,86.9,88.9,7.9,7,Bachelors,Yes,No,No,Online Courses,66.49,Pass,Average
17.9,86.0,75.2,5.7,6,Bachelors,Yes,No,No,Tutoring,76.47,Pass,Good
5.9,80.6,52.8,6.7,9,Masters,Yes,No,No,Tutoring,44.13,Pass,Below Average
15.0,80.1,64.3,4.9,5,PhD,Yes,No,Yes,Self-study,53.16,Pass,Average
15.5,72.1,62.6,7.6,6,Masters,Yes,Yes,No,Group Study,49.57,Pass,Below Average
10.5,88.4,70.0,7.4,10,PhD,Yes,Yes,No,Self-study,69.79,Pass,Average
18.9,85.1,86.8,7.3,4,High School,Yes,Yes,Yes,Group Study,57.95,Pass,Average
11.2,85.9,78.2,6.7,6,High School,Yes,Yes,No,Online Courses,56.26,Pass,Average
12.6,73.7,48.8,7.2,8,High School,Yes,No,Yes,Tutoring,45.48,Pass,Below Average
11.1,54.2,85.6,8.8,15,Masters,Yes,Yes,No,Tutoring,60.54,Pass,Average
12.1,93.2,69.7,6.3,6,PhD,Yes,Yes,No,Self-study,65.24,Pass,Average
6.5,74.3,75.3,6.9,11,Masters,Yes,No,Yes,Self-study,47.38,Pass,Below Average
4.8,69.6,87.0,5.3,13,High School,No,No,No,Online Courses,32.81,Fail,Poor
20.0,88.3,48.3,5.6,3,PhD,Yes,Yes,No,Online Courses,65.14,Pass,Average
7.8,75.3,64.5,6.8,3,Bachelors,Yes,Yes,No,Group Study,55.67,Pass,Average
7.0,92.7,57.0,8.1,8,High School,Yes,Yes,Yes,Online Courses,45.62,Pass,Below Average
1.2,87.4,41.5,6.4,3,Bachelors,Yes,No,Yes,Online Courses,35.56,Fail,Poor
8.8,88.2,70.2,6.4,3,High School,Yes,Yes,No,Online Courses,48.0,Pass,Below Average
5.4,63.6,100.0,6.2,7,Bachelors,No,No,Yes,Online Courses,51.96,Pass,Average
20.2,94.5,37.4,6.0,4,High School,No,Yes,No,Group Study,57.83,Pass,Average
17.0,83.1,64.5,7.1,6,Bachelors,Yes,Yes,No,Online Courses,70.92,Pass,Good
8.6,75.6,74.6,4.8,4,Bachelors,Yes,No,No,Group Study,62.06,Pass,Average
23.3,81.7,66.8,8.4,8,Masters,Yes,Yes,No,Self-study,69.58,Pass,Average
16.9,58.7,63.3,5.8,7,Bachelors,Yes,Yes,No,Tutoring,50.58,Pass,Average
10.4,84.9,45.5,7.6,6,Bachelors,Yes,Yes,No,Self-study,40.67,Pass,Below Average
0.0,67.6,68.5,5.0,9,Masters,Yes,No,No,Online Courses,61.09,Pass,Average
23.5,63.8,53.6,7.6,7,Masters,Yes,No,No,Tutoring,60.38,Pass,Average
5.1,61.7,32.2,7.6,11,High School,Yes,Yes,No,Online Courses,35.67,Fail,Poor
3.8,93.4,82.9,7.2,3,Bachelors,Yes,Yes,Yes,Online Courses,50.75,Pass,Average
17.1,72.4,79.4,5.4,6,High School,Yes,Yes,Yes,Self-study,62.93,Pass,Average
24.2,98.4,65.8,7.0,6,High School,Yes,No,No,Online Courses,86.84,Pass,Excellent
18.9,73.6,68.4,5.2,5,Bachelors,Yes,No,No,Self-study,60.65,Pass,Average
14.8,59.5,81.1,6.4,12,Masters,No,No,No,Online Courses,43.72,Pass,Below Average
15.0,66.6,68.4,8.0,7,High School,Yes,No,No,Group Study,52.87,Pass,Average
16.3,94.8,78.6,7.7,5,Masters,Yes,Yes,Yes,Tutoring,58.01,Pass,Average
15.8,78.1,60.5,6.7,5,Masters,Yes,Yes,No,Self-study,62.83,Pass,Average
13.4,73.4,84.7,5.4,7,Masters,Yes,Yes,No,Self-study,69.96,Pass,Average
12.5,81.9,69.8,7.5,7,High School,Yes,Yes,No,Tutoring,58.69,Pass,Average
11.7,86.0,67.9,6.7,10,Masters,Yes,Yes,No,Self-study,60.33,Pass,Average
8.2,93.4,45.9,3.7,3,High School,No,No,Yes,Tutoring,39.15,Fail,Poor
10.6,97.4,69.3,7.7,2,Bachelors,Yes,No,No,Group Study,71.31,Pass,Good
3.5,75.7,52.5,6.7,3,High School,Yes,No,No,Online Courses,28.89,Fail,Poor
11.5,64.1,55.4,8.3,10,High School,Yes,Yes,Yes,Group Study,41.53,Pass,Below Average
7.1,75.0,52.8,5.3,7,Masters,No,No,No,Online Courses,56.61,Pass,Average
6.5,83.1,49.0,3.0,3,Bachelors,Yes,No,No,Tutoring,34.3,Fail,Poor
12.9,68.4,96.9,7.1,8,High School,No,No,No,Group Study,54.09,Pass,Average
19.0,68.5,85.0,7.1,7,High School,No,Yes,No,Online Courses,72.32,Pass,Good
16.6,84.1,93.8,4.5,3,Bachelors,Yes,Yes,Yes,Tutoring,76.26,Pass,Good
4.1,79.4,46.7,5.4,4,High School,Yes,Yes,No,Online Courses,36.4,Fail,Poor
7.1,80.4,66.1,10.0,8,Masters,No,Yes,Yes,Self-study,51.19,Pass,Average
16.7,70.9,45.6,6.3,9,High School,Yes,No,No,Self-study,46.22,Pass,Below Average
7.1,77.2,54.6,7.7,5,High School,Yes,Yes,Yes,Tutoring,37.67,Fail,Poor
10.9,68.9,51.2,5.9,8,Bachelors,Yes,Yes,No,Online Courses,45.85,Pass,Below Average
14.8,90.7,83.6,4.0,7,Bachelors,Yes,No,No,Self-study,64.35,Pass,Average
7.2,92.4,59.1,6.5,2,Bachelors,Yes,No,No,Group Study,57.25,Pass,Average
12.5,57.8,81.0,6.4,10,High School,Yes,No,Yes,Online Courses,38.8,Fail,Poor
5.3,68.8,74.1,6.2,8,PhD,Yes,No,No,Online Courses,43.02,Pass,Below Average
9.0,62.0,99.6,6.6,12,Bachelors,Yes,Yes,No,Self-study,57.06,Pass,Average
13.6,72.2,42.8,7.0,10,High School,Yes,Yes,Yes,Self-study,52.05,Pass,Average
4.0,79.0,83.9,6.5,7,Bachelors,No,Yes,No,Tutoring,50.74,Pass,Average
14.2,62.6,82.2,5.1,7,Masters,Yes,No,No,Online Courses,55.51,Pass,Average
11.9,68.9,50.4,7.3,4,High School,Yes,No,No,Group Study,51.01,Pass,Average
14.8,68.0,80.1,4.2,9,High School,Yes,Yes,No,Self-study,52.57,Pass,Average
13.1,82.5,70.0,4.0,5,Masters,Yes,No,Yes,Online Courses,68.17,Pass,Average
18.8,80.8,61.6,7.7,3,Bachelors,No,Yes,No,Self-study,61.83,Pass,Average
